{"type":"FeatureCollection","features":[{"type":"Feature","properties":{"name":"Outside LA + Orange County coverage mask"},"geometry":{"type":"Polygon","coordinates":[[[-179.9,-85.0],[-179.9,85.0],[179.9,85.0],[179.9,-85.0],[-179.9,-85.0]],[[-118.67561718130194,33.04935372146299],[-118.67821618079374,33.039730719682574],[-118.67856318022505,33.02636071837445],[-118.67595317906597,33.015425716528256],[-118.67485517817565,33.01214771718634],[-118.67102817719886,33.005855716381554],[-118.67018517657668,33.000038715273135],[-118.64474417267145,33.00003771778444],[-118.6443391726155,32.99777871670705],[-118.64389117200355,32.9948937159295],[-118.6434451719397,32.99284771605216],[-118.64187017012509,32.98704371572527],[-118.64049817049673,32.982615715114626],[-118.63920616943766,32.97811971417647],[-118.63771816945834,32.97536871526867],[-118.63711116883766,32.9724497139581],[-118.63650316839214,32.969094714101765],[-118.63553416827159,32.96560471362706],[-118.63388516773543,32.96221871360714],[-118.63151316622772,32.95715371324896],[-118.62958516603231,32.953632712743925],[-118.62757816529592,32.950314712412805],[-118.62592816583319,32.9472307119728],[-118.62212916444551,32.94143871155214],[-118.61860916361539,32.936856710955105],[-118.61470016172453,32.93281571127587],[-118.61080116077774,32.92931271041465],[-118.60881416103112,32.92769471049932],[-118.60818616139241,32.92612571120828],[-118.60669215976866,32.92097870987187],[-118.60548315944858,32.91820871032822],[-118.60571315960235,32.91562070948451],[-118.6055341595022,32.91243470957503],[-118.6053011589754,32.90854470852056],[-118.6043471580251,32.9066097081473],[-118.6038591581285,32.90479170874842],[-118.60353115806542,32.903568708078076],[-118.60087115757594,32.8978667084512],[-118.5969421564919,32.89047070706007],[-118.59209415551604,32.885065706838674],[-118.59115315498457,32.883838707158134],[-118.58951315466923,32.88144370686184],[-118.58794915362363,32.878847706668786],[-118.58444315303721,32.87504070615095],[-118.58133015281119,32.87152670560536],[-118.57722215072872,32.868026706158794],[-118.5750671507526,32.86573770586962],[-118.5713941497616,32.8593067051603],[-118.56736514911849,32.85456070463938],[-118.5640951476353,32.85139570468909],[-118.56254014770883,32.849442704812965],[-118.55946614694254,32.84348370373375],[-118.55714914658472,32.8373547037017],[-118.55547214556118,32.83317870313314],[-118.55319814396275,32.82880170217503],[-118.55052714360261,32.825333702140455],[-118.54673814226066,32.82068570171915],[-118.54251414162387,32.81657870214978],[-118.53820914079621,32.812774701756204],[-118.53510214041795,32.810585701341246],[-118.53179613984811,32.80876970133298],[-118.52984413936325,32.80789370093223],[-118.52482613850808,32.804728701441206],[-118.52044513751244,32.801967701402894],[-118.5158251370405,32.79957570120596],[-118.51025013489509,32.79782470136792],[-118.50766213437561,32.796881701553055],[-118.50475513401392,32.794557700833685],[-118.50092213318933,32.79203070128034],[-118.49967913343237,32.7910487012066],[-118.49422313111266,32.78550670030648],[-118.48880813059742,32.78137570088102],[-118.48498612964353,32.77916270126194],[-118.48438912996697,32.77862370065668],[-118.48168112800025,32.77472570048945],[-118.4779381275874,32.7706256998325],[-118.47391812626675,32.766828699632846],[-118.46838612557566,32.76259869991984],[-118.46472412535364,32.76018069968778],[-118.45903312375559,32.7576996992996],[-118.45382012290673,32.755115699425886],[-118.44749212234743,32.7531416996927],[-118.44092712016506,32.75103069982522],[-118.43885811950436,32.750394699871556],[-118.4365501202657,32.750044700129024],[-118.41981111717897,32.75004470088456],[-118.4162151161809,32.75059570059364],[-118.41263311542647,32.75110670102223],[-118.4083341144466,32.751918701572045],[-118.40415511491393,32.75330570164774],[-118.39953711409183,32.755230702259595],[-118.39591311260635,32.75715470258779],[-118.39256911329996,32.758505703445614],[-118.38894511271276,32.76113570318655],[-118.38536111141025,32.763563703194464],[-118.38297111125749,32.765856704414844],[-118.3812171120377,32.76808070445518],[-118.3789871108202,32.7695977050225],[-118.37838911131871,32.77023670478281],[-118.3759191108,32.76939870506699],[-118.37387311060385,32.76885170499624],[-118.37100910989986,32.76820670450336],[-118.36428510860712,32.76708070536145],[-118.35911410759107,32.766160705035894],[-118.35350610673197,32.765811705442346],[-118.34320410488283,32.76706670678246],[-118.33198610351488,32.77057470735314],[-118.32383110304252,32.77351870794893],[-118.31854010147752,32.77680470868607],[-118.31280910149313,32.780829709432446],[-118.30286009982142,32.78885071143886],[-118.2984811002722,32.794261711872764],[-118.29585309956977,32.79826071195848],[-118.29282509973257,32.8038087136258],[-118.28991709954596,32.810534714402706],[-118.28895809947113,32.81615471500964],[-118.28879609998772,32.82083371536606],[-118.2899061005736,32.82938771602779],[-118.29241010142749,32.83639871762867],[-118.29726210349966,32.845098717518695],[-118.30490210520948,32.853469717891436],[-118.31035510625786,32.85950971823673],[-118.31740210759078,32.86376971865692],[-118.32034810831055,32.86626871885413],[-118.32572311043943,32.87173671948256],[-118.32973111026787,32.875041719385145],[-118.32891011028528,32.875041719385145],[-118.33197811120377,32.8767867200797],[-118.33746911188699,32.879752718972405],[-118.34359611350314,32.88443271906833],[-118.35031911497097,32.889685719563275],[-118.35640511657924,32.8944997198233],[-118.36253111747216,32.90012172031393],[-118.36993412025386,32.905071720331286],[-118.37591912157981,32.908691721132286],[-118.37762812149208,32.90960072052788],[-118.38157912141908,32.911857720907726],[-118.38644812320966,32.915087721572405],[-118.39079912406808,32.91784572090963],[-118.39694712470232,32.92255272137058],[-118.40605512719833,32.9317967218655],[-118.40960912836364,32.93455472141464],[-118.41128712921211,32.93646972195693],[-118.41396312959512,32.93862172255633],[-118.41875613031942,32.942117722824314],[-118.42335013175038,32.94648772253033],[-118.42770413208352,32.94958072312755],[-118.4344151338558,32.95321172285756],[-118.44216413534558,32.95795372314502],[-118.44591913635232,32.96027472231719],[-118.44887513711785,32.96175472362288],[-118.45031513741658,32.96370272369231],[-118.4545531382971,32.96796972326927],[-118.45731313924402,32.970924723244124],[-118.46019413966644,32.975258724141696],[-118.46583714158393,32.98244372494464],[-118.47119914239569,32.98912772475916],[-118.47488014378261,32.993092725382574],[-118.47780014366481,32.99577972522548],[-118.48020114458653,32.99860072564891],[-118.48142514587352,33.0000377260717],[-118.47996414476006,33.0000377260717],[-118.48475814620757,33.0046237254762],[-118.48547214605999,33.00599672580577],[-118.48714914708354,33.0081807260526],[-118.48950914709907,33.010634726080326],[-118.4911441482898,33.01792772668217],[-118.49559414978073,33.02634072785586],[-118.50092315098057,33.03059072821953],[-118.50478115191949,33.03462772867629],[-118.5076751527607,33.03788772897693],[-118.50928515293876,33.04157172900103],[-118.51497815418665,33.04989372950433],[-118.52373915725137,33.05997673046362],[-118.53419815856105,33.0678627308327],[-118.5421151602803,33.073792730788156],[-118.55263916278565,33.07863773079438],[-118.56142316451825,33.08106573117777],[-118.56493516495242,33.08222372999912],[-118.57834916720269,33.08624773064513],[-118.58954516882935,33.087115729747005],[-118.60227417153949,33.086054729064834],[-118.60835417240169,33.086324728544554],[-118.61963317476733,33.086723727596],[-118.62592917553955,33.08566872839683],[-118.6326541766572,33.084543726739184],[-118.64131317781802,33.081886726234735],[-118.65437517971579,33.07495672541021],[-118.66385818033388,33.06685072402177],[-118.67079418044041,33.05797072207781],[-118.67561718130194,33.04935372146299]],[[-118.66673121269977,33.49349477037063],[-118.66821521248112,33.485941769833914],[-118.66761421170825,33.47749376912355],[-118.66593121083694,33.467338767378834],[-118.6617622095534,33.456321767028484],[-118.6550692073245,33.445314766084785],[-118.64292520459537,33.43432776508625],[-118.63695520333805,33.428683765600965],[-118.63074620170615,33.4232077645208],[-118.6259292006924,33.41507376399253],[-118.6259292006924,33.41426976483517],[-118.61858619818516,33.406195763745096],[-118.60724019587235,33.39829876381117],[-118.59109219261444,33.39087676337688],[-118.57320918950498,33.38348376333007],[-118.56364318814788,33.38103476400645],[-118.5573451868275,33.380700764077524],[-118.55338818525605,33.38023076416524],[-118.54794118495379,33.37680376465035],[-118.54858918468396,33.3750327645971],[-118.54962118545204,33.3750327645971],[-118.55120518389421,33.36935676372661],[-118.55097818411352,33.36161476237944],[-118.54961818328236,33.35065176135707],[-118.54748818162399,33.34048476046536],[-118.54253117996984,33.331050759491035],[-118.54086117951732,33.32509275817763],[-118.53489717810781,33.31518075852943],[-118.51804917344451,33.29665475696727],[-118.510398171864,33.28966375643502],[-118.50369217011462,33.28531875636648],[-118.50092617021822,33.28407475699836],[-118.48670016640959,33.27690975643547],[-118.47147116394184,33.27289575647551],[-118.45508416030933,33.26902375775109],[-118.44047215850794,33.26746175800394],[-118.43766615753027,33.267022757858534],[-118.42753115608569,33.26596775849953],[-118.41206115359351,33.26627975907751],[-118.40256915185624,33.267941759695745],[-118.39414915107004,33.26591376033747],[-118.38914314991042,33.26520176052873],[-118.38560114844068,33.26536276025485],[-118.38149914890091,33.262302760006484],[-118.37592014745587,33.260078759938324],[-118.36332314499016,33.255078761015305],[-118.34996214244335,33.25168676133183],[-118.34378414077355,33.25003476081894],[-118.34147914100966,33.25003476081894],[-118.33476513976267,33.248616761317884],[-118.32800513848491,33.24808776187098],[-118.31863413622317,33.248476762304115],[-118.3137851363207,33.249142762305155],[-118.30873413495523,33.25003476307268],[-118.30968313498433,33.25003476232147],[-118.30284913498502,33.25100976303392],[-118.292470133143,33.2540827642149],[-118.2807151314746,33.2590967656174],[-118.26919012906164,33.26568476707904],[-118.2591901282346,33.27250976834567],[-118.25090912826386,33.28144876926071],[-118.25091512811166,33.280469769847436],[-118.24908712747536,33.284146769854104],[-118.24595212750805,33.291065770550105],[-118.24271312778363,33.30311777222864],[-118.2410631283209,33.31303377391562],[-118.24129812939587,33.32302777455342],[-118.24511413140031,33.338345776547555],[-118.25091513350155,33.35165477724757],[-118.25139113280429,33.353401777994435],[-118.25382313368816,33.35722677859419],[-118.25772613483291,33.3641357781337],[-118.26276013647994,33.3704447791273],[-118.26818913813717,33.375028779683305],[-118.27133513797517,33.376690779720306],[-118.27722214029012,33.3807477795316],[-118.2792551400675,33.38280277943426],[-118.27964114075519,33.383191779259576],[-118.2858221418997,33.3898467802633],[-118.29315814293763,33.39626678062343],[-118.29467814450064,33.397597780829585],[-118.3041141461614,33.40363678065759],[-118.30660314694666,33.4071597806004],[-118.30714014634879,33.40972178088437],[-118.30859914781242,33.41636878188544],[-118.30868814750089,33.41669878171591],[-118.31095914872627,33.4251417826687],[-118.31636315116745,33.43414178319058],[-118.32466515285121,33.44198778311164],[-118.33278515406178,33.44804878402332],[-118.34206915538657,33.45388078339005],[-118.35093015801037,33.45782278382752],[-118.35256015827993,33.45938478387308],[-118.35940515994649,33.46492678454452],[-118.36922916194476,33.46900978459403],[-118.37592016362554,33.47110378411545],[-118.37799416341076,33.471574784211015],[-118.38606116581622,33.47345778412566],[-118.38940016509973,33.474498783929135],[-118.39513916637836,33.47671878327484],[-118.40324216876878,33.47927178289627],[-118.41188416931284,33.480782783254554],[-118.42085317189171,33.48178678325758],[-118.42288217147109,33.48387078344004],[-118.42710717283114,33.48716578358075],[-118.43244217387874,33.488944782549154],[-118.43684717426552,33.48944778293657],[-118.44756217746489,33.50002978356521],[-118.45221517844708,33.50339278379501],[-118.45683717946714,33.506879783921846],[-118.46286518045079,33.51043178429064],[-118.46897318180038,33.5130037840538],[-118.4772881839029,33.51543878358078],[-118.48262918479828,33.51606378365633],[-118.48788818477959,33.51614978292989],[-118.49334718567573,33.51573078263221],[-118.49672518711395,33.51837978301081],[-118.50092418853471,33.52163478281436],[-118.50262618787596,33.52267278302974],[-118.50676918922024,33.5249157831973],[-118.5123971901708,33.526920782954384],[-118.51766319072311,33.52869078224432],[-118.52324819201597,33.53015778216877],[-118.5293941938987,33.53118678183163],[-118.53365119414745,33.53144678230954],[-118.53894919538513,33.53126578180893],[-118.54661419631104,33.53084578166992],[-118.55094619690288,33.530196781294265],[-118.55503719747028,33.529211781404456],[-118.5577621973588,33.5283327808998],[-118.56318519916825,33.529294779738926],[-118.5672001995677,33.5294867802904],[-118.57153520053257,33.52947577987252],[-118.57530720035945,33.529264779754655],[-118.57915620107754,33.52841477961924],[-118.58583220268969,33.530884779736255],[-118.58973120363648,33.53198277936437],[-118.59366620366997,33.53224177853173],[-118.59976820517178,33.53232577886411],[-118.60502620622648,33.53221077840629],[-118.61217020674545,33.531854778246185],[-118.61894720863994,33.53065977699844],[-118.62592820985064,33.52898277624861],[-118.63251721052585,33.52647077648279],[-118.63841621073973,33.52403077565852],[-118.64407021162954,33.521288775231206],[-118.64787121266706,33.51821477487526],[-118.65202721173517,33.51409777452701],[-118.65574721258184,33.51082277373565],[-118.65826221330636,33.50788977315935],[-118.65993621305854,33.50576477244712],[-118.66216121335486,33.501721771367315],[-118.6637222131291,33.5000297715797],[-118.66673121269977,33.49349477037063]],[[-117.99068210787807,33.58677881813434],[-117.98911410663446,33.585797818138595],[-117.98904110683952,33.58575181785665],[-117.98882510692945,33.58561681774978],[-117.98875310695942,33.585571818665045],[-117.98262610624158,33.58174081762597],[-117.97381910314616,33.57623381720465],[-117.96447810102163,33.56989581727194],[-117.95850010026669,33.56583981705148],[-117.94958109791656,33.55978981719151],[-117.93405809482265,33.54925881727359],[-117.9218640927631,33.54329981644707],[-117.91218209015673,33.538570817499966],[-117.91087309027753,33.53793081760305],[-117.90694708866825,33.53601381680095],[-117.90563908951229,33.535375817448625],[-117.89886408816592,33.53206581697258],[-117.89076908617142,33.52811081709029],[-117.8785420836016,33.52213681663632],[-117.87589908372888,33.52084581742104],[-117.8737070821462,33.51977481729002],[-117.87179608256756,33.51877281706586],[-117.8714210817505,33.51857581682621],[-117.87029808164418,33.517986816821114],[-117.86992408155037,33.51779081687103],[-117.86340608012196,33.51437381759856],[-117.84385407638486,33.50412281678466],[-117.83733707478139,33.50070581633951],[-117.83707907503852,33.500570816655475],[-117.83630607473654,33.50016581634029],[-117.83604907481858,33.5000308165632],[-117.8342140745096,33.49944181616591],[-117.82871107323251,33.4976748171474],[-117.82687707274846,33.497086816523534],[-117.8266050727619,33.49699981621052],[-117.82632807185416,33.496784816732486],[-117.82482207233147,33.49561481641648],[-117.82432007219114,33.4952268162307],[-117.823516071927,33.49460281633974],[-117.8228560716029,33.494257816878964],[-117.81817007100875,33.49181581678657],[-117.81660907033618,33.49100181643471],[-117.81636807031175,33.490876816541345],[-117.81485206984503,33.48721081593915],[-117.81456207031512,33.48678881656321],[-117.81128906935719,33.48202381564771],[-117.80463806785939,33.47678381595641],[-117.80443006744693,33.476620815305154],[-117.80064506630295,33.47421781583276],[-117.80013406684012,33.47389281539917],[-117.79860206558153,33.47291981572926],[-117.79857106651768,33.472900815801005],[-117.79808206589783,33.47261381566798],[-117.79455606521995,33.47054081562467],[-117.79327406420664,33.46978681543773],[-117.7923650643605,33.465350814852584],[-117.79049006386857,33.46124581461556],[-117.78938106400591,33.45990381477077],[-117.78700706284837,33.45703181437493],[-117.78676906319701,33.45675781440148],[-117.78356706148591,33.45306581427278],[-117.78148206182996,33.45066081408993],[-117.77607406008914,33.44529581407463],[-117.77378606004365,33.44218781354132],[-117.77235405924249,33.440241813427804],[-117.77077905922452,33.4383388124248],[-117.76722805753396,33.43405081243392],[-117.76515205720057,33.43154381309985],[-117.75742305580224,33.42428781239712],[-117.75521705487418,33.42249281202666],[-117.75089905362776,33.41897981166831],[-117.74359205200383,33.412150811736794],[-117.74142105123586,33.41012281111719],[-117.73534805094471,33.40744081146922],[-117.7257310486357,33.40744081221913],[-117.71502304690564,33.40862181268312],[-117.71358304660691,33.40878181264565],[-117.70671204500107,33.40369281280112],[-117.70364304425766,33.40141881255509],[-117.69443504310085,33.394599811748236],[-117.69136704218236,33.39232781235943],[-117.69068304156882,33.39182081271482],[-117.6886320413498,33.390302812699304],[-117.6879490405612,33.38979681230343],[-117.68519904055832,33.38775981194091],[-117.68422403969166,33.38710781191043],[-117.68130203926134,33.385151812483414],[-117.68032803911791,33.38450081151665],[-117.67807103903453,33.38298881202284],[-117.67130003698783,33.378457811514494],[-117.66904303690447,33.37694881108481],[-117.66619303644418,33.375035811045564],[-117.65975603430833,33.36957981088469],[-117.6580300337793,33.36819881097126],[-117.65380703296739,33.36482281123854],[-117.64987703205844,33.364011811596924],[-117.64787203187016,33.363639811141006],[-117.6444100316647,33.35938881106399],[-117.64118302983923,33.35574481073686],[-117.63896002919276,33.352236810826135],[-117.63621302866461,33.34913281014029],[-117.63466602823573,33.34813981010035],[-117.63157802812408,33.34616181005074],[-117.62589202654888,33.34211381039871],[-117.6229320255854,33.340489809626405],[-117.61405202449167,33.33561880991702],[-117.61109302335312,33.33399680977224],[-117.61105102352032,33.334129809589115],[-117.60869602352768,33.34220281066043],[-117.601516023922,33.366825813733044],[-117.59912302429453,33.3750338155881],[-117.5986560252126,33.376752814740136],[-117.59725802564495,33.38191381646928],[-117.59679202548962,33.383633816777404],[-117.59678402509371,33.383659815913965],[-117.59661702558743,33.384212816104785],[-117.59656602463551,33.38438181635396],[-117.59609602518053,33.385949816455174],[-117.59621502500625,33.38689981634792],[-117.59609702500545,33.38747681750493],[-117.59590302483669,33.388166816500714],[-117.59533102437615,33.39001181758521],[-117.59513102525793,33.390758817241654],[-117.59507602590466,33.390977817077726],[-117.59502102475476,33.39112381791193],[-117.59489302560654,33.39175181693707],[-117.59474502546855,33.39257581754656],[-117.59465202468381,33.39289081740503],[-117.59452202498748,33.393352817482395],[-117.5943740257478,33.393843817234874],[-117.5943410252375,33.39390981806553],[-117.59430002522963,33.394000817378526],[-117.59422502488654,33.39426381716527],[-117.59415202509162,33.39450081726947],[-117.59413402554827,33.39463981765965],[-117.59409902538816,33.39482281816355],[-117.59409502519021,33.394840817442265],[-117.59409002516735,33.39485981796856],[-117.5940670247028,33.3949248182771],[-117.59400402585193,33.395138817876415],[-117.59397702518942,33.39523081789966],[-117.59393702500647,33.39536381789969],[-117.59392202583618,33.39542081762307],[-117.5939180256382,33.39546881811116],[-117.5938910249757,33.39579781810241],[-117.59388402530303,33.39588281775182],[-117.59375402470835,33.39624081750682],[-117.59373102604046,33.39630081810913],[-117.5936770256138,33.39651081764113],[-117.59366702556802,33.39655281763666],[-117.59365402514923,33.39661181754245],[-117.59361102549155,33.396823818030306],[-117.59352602510273,33.39723681824202],[-117.59328002595376,33.398074818349116],[-117.59324302614381,33.39820181871984],[-117.59322502480387,33.39826581756663],[-117.59322002567929,33.39828381763224],[-117.5931290254427,33.398591818343775],[-117.59304302612728,33.39888181877555],[-117.5905880256772,33.40729681926677],[-117.59057602508334,33.40734681990877],[-117.59054202564643,33.40749781976823],[-117.5905310257758,33.40754881914992],[-117.59049602561569,33.40769881980456],[-117.59039302568355,33.408150819411155],[-117.59036002517327,33.40830181937279],[-117.59030102562203,33.408558818808224],[-117.59012602571985,33.409332819555424],[-117.59006802509522,33.40959082002157],[-117.5900520261,33.409658819301825],[-117.59000702499584,33.40985882000824],[-117.58999202582552,33.40992681907869],[-117.58992902517802,33.410197819002754],[-117.589904025962,33.410312820270065],[-117.58988002567254,33.41041981955848],[-117.58974402612843,33.41101581902756],[-117.58968302602905,33.41128881917764],[-117.58964202602115,33.411466819810386],[-117.58952002582244,33.41200681984352],[-117.58948002653777,33.412186819608365],[-117.58935002594313,33.412757819822254],[-117.58896202560561,33.414472820236],[-117.5888330266325,33.4150448206859],[-117.58875102571841,33.415402820967074],[-117.58850702532095,33.41647781995643],[-117.5884270258533,33.416836820576904],[-117.58829202613411,33.41743282024914],[-117.58746302665395,33.420556820680964],[-117.58644002610671,33.42441482092962],[-117.58450502713694,33.43170182240288],[-117.58432902651154,33.432368823185115],[-117.58352002622453,33.43541782262497],[-117.58333002715204,33.436131823064095],[-117.58304302709686,33.43721782340435],[-117.58276102706455,33.438275823617104],[-117.58257202691867,33.43899182376366],[-117.58219102625385,33.4403838237559],[-117.58105002750246,33.44456182376299],[-117.58086502665623,33.445240824438535],[-117.58067102648745,33.445954824245646],[-117.58062502735503,33.44612182374401],[-117.58048702726275,33.446623824712375],[-117.58044202705693,33.44679182432491],[-117.58008702722967,33.448091824192424],[-117.5793290269963,33.45086882486763],[-117.57902002719983,33.45199182456018],[-117.57866402754767,33.45329182518352],[-117.57862902738756,33.45341982482055],[-117.57853502767624,33.45380582524051],[-117.57849202712022,33.453931825227],[-117.57739202658009,33.45380282502449],[-117.57426602683358,33.45344182550036],[-117.57409202675632,33.45342182522328],[-117.57369202672324,33.453375824943194],[-117.57346802641725,33.45335482482353],[-117.57335102713971,33.45334382522281],[-117.57299102639128,33.453309825834815],[-117.57269602594019,33.45328282523119],[-117.57207502597417,33.45322282577506],[-117.57071002601846,33.453093826016854],[-117.56932702562112,33.45299482551446],[-117.56841102520399,33.452931825612914],[-117.56835702567564,33.4529278255343],[-117.56819502529393,33.45291582604701],[-117.56814202559049,33.45291182596767],[-117.56806102539964,33.45290182614337],[-117.5678190255503,33.45287382557979],[-117.56773902518435,33.452866825250105],[-117.56727802505189,33.45280182633755],[-117.56711202447222,33.4527778258274],[-117.56523102503083,33.452512825935834],[-117.56505102510576,33.45248782625785],[-117.56460502504191,33.45242482598792],[-117.56444702485818,33.4524028257996],[-117.56295502468089,33.45230982579359],[-117.56203902426375,33.4522068257834],[-117.55908202367335,33.451802826279774],[-117.55799702410016,33.45163782542167],[-117.55781602345186,33.45152882627252],[-117.55723802314355,33.451198826197924],[-117.55671102378717,33.451376826693966],[-117.55627002284791,33.45147782649295],[-117.55608002287711,33.45167382665772],[-117.5558490228984,33.45182782690475],[-117.55562102329282,33.45198082628557],[-117.55409702332847,33.45252882632561],[-117.55376902326539,33.4526158263321],[-117.55344302285215,33.45270082658156],[-117.55184502236963,33.45312482674898],[-117.54829402157738,33.453673826878536],[-117.54539302106349,33.45435282667339],[-117.54267902104563,33.45499182657259],[-117.54202102126969,33.45511882764067],[-117.54004702014522,33.4554998274805],[-117.53940702081094,33.455623827651536],[-117.53939102091742,33.45563182755978],[-117.5392420209545,33.45563182755978],[-117.53854802029522,33.45564782812354],[-117.53844102106342,33.45564782812354],[-117.53782302057215,33.45596082820572],[-117.52761101913468,33.46114082874255],[-117.52723601921595,33.46149382907139],[-117.52693101871911,33.46178082855751],[-117.51548101754754,33.46751083042807],[-117.5150260172629,33.46774383053994],[-117.5143860170303,33.46775583022322],[-117.51434301737258,33.46775583022322],[-117.51426301700664,33.467799830296606],[-117.51418701683866,33.46784283068737],[-117.51371801720859,33.46811283071892],[-117.51326701802022,33.4682448303283],[-117.50880601665862,33.46956583074184],[-117.50862601673357,33.46961883040184],[-117.50861801633765,33.46973583014447],[-117.50858701727383,33.47021983140454],[-117.50858101652771,33.47045083096789],[-117.50914201621929,33.47112283089694],[-117.50923601682892,33.47123483125275],[-117.50931201609862,33.47132183122178],[-117.50959301720432,33.47163783126183],[-117.50959401702924,33.47166683062679],[-117.50954701717356,33.476191831078566],[-117.509524016709,33.4784968316841],[-117.50946701770592,33.48403183219104],[-117.50939401791099,33.491188833097176],[-117.5093880180632,33.4918508326672],[-117.50952901852853,33.49525883419836],[-117.50964901907746,33.498177834242036],[-117.50972601907033,33.500030834541434],[-117.50973401946625,33.50502383517098],[-117.50973401946625,33.50534083508202],[-117.50973401946625,33.50629483523583],[-117.50973502018948,33.506389834911715],[-117.50973502018948,33.5066128349476],[-117.50973502018948,33.50710283512741],[-117.50973602001439,33.50857583531663],[-117.5097370198393,33.509066835550456],[-117.50720201992159,33.509016835112504],[-117.50376801930521,33.50894983575367],[-117.50351701833672,33.51311283619742],[-117.50348801892272,33.51359683623483],[-117.50337501894481,33.51546283638776],[-117.50337001892194,33.515643836260566],[-117.5033880193636,33.51564683658218],[-117.5034440185418,33.51566083683325],[-117.50346301880838,33.51566583611997],[-117.50345201893771,33.51567683679655],[-117.5033460186325,33.51761083705275],[-117.50319301936996,33.52040983723719],[-117.50620002018907,33.52052683651537],[-117.5067020203294,33.52054783682993],[-117.50751601974096,33.52058083624408],[-117.50813702060529,33.520604836695185],[-117.50834602084268,33.52058983669489],[-117.50897602102951,33.52054383687742],[-117.50918702091671,33.520528836866504],[-117.50936801976836,33.52054283632755],[-117.50946302110123,33.52055083698146],[-117.5095540204395,33.52055083698146],[-117.50982902079913,33.52055083698146],[-117.50992102086063,33.52055083698146],[-117.50993802057909,33.52100283715128],[-117.50999202010743,33.522358836968664],[-117.5100100214474,33.52281283697533],[-117.51001102037401,33.522876837510395],[-117.51001402074706,33.52306783756201],[-117.51001602039685,33.52313383670151],[-117.51007302119659,33.52618283734174],[-117.51008202141743,33.52666383695291],[-117.51022202205782,33.53400383797201],[-117.50831502088052,33.536635838573794],[-117.50666802179084,33.53891283844452],[-117.50625002131608,33.539500839357316],[-117.50566902153307,33.54020783951739],[-117.50392702111048,33.54232883974039],[-117.50346502115313,33.54289283962759],[-117.50335002152542,33.543039839638716],[-117.50293302087557,33.54356983948228],[-117.50168402037254,33.54516484030216],[-117.50127002099406,33.54569783986904],[-117.50117402163289,33.54581883965136],[-117.50069802143183,33.54654184002996],[-117.49901902075847,33.54910184062152],[-117.49854302145573,33.54982884057792],[-117.49846102143995,33.54995784074363],[-117.4981110216356,33.55048984123775],[-117.49706202025078,33.55208684121746],[-117.4967130202713,33.55261984075895],[-117.49591202038025,33.5536388408632],[-117.49350902070701,33.5566988413182],[-117.49270902064085,33.55771984220484],[-117.49185502014802,33.55883484260013],[-117.48929702066408,33.56218284296165],[-117.48844601964596,33.56329984274016],[-117.48767001986924,33.56431484318322],[-117.48589101963678,33.566503842705984],[-117.48153901895346,33.571863844781475],[-117.47814301976852,33.576045844555686],[-117.47556101909684,33.57922784512214],[-117.47371001889437,33.58159984511493],[-117.4709120183126,33.585189845977574],[-117.46815801901009,33.58871884680825],[-117.4663080186325,33.59109184754938],[-117.46540301898436,33.59225084687188],[-117.46412101886935,33.59389484762809],[-117.4626880182433,33.59573084846772],[-117.46178401752172,33.59689084797888],[-117.4616820183128,33.597018848506984],[-117.46167101844215,33.597030848219376],[-117.4613360178081,33.59745384805174],[-117.46129901799814,33.597500848487044],[-117.4612240185534,33.59759484778429],[-117.46091301820877,33.598035849073604],[-117.45812501767277,33.6019698492807],[-117.45794901794568,33.60219384848537],[-117.45745201872651,33.60281784849227],[-117.43923501660453,33.625773852326134],[-117.43816601692485,33.62712085310017],[-117.43080501577258,33.636395854642025],[-117.42871301554565,33.639031854313444],[-117.4281160158691,33.63978185461969],[-117.42632801631409,33.64203185597982],[-117.42573201556412,33.642782855463835],[-117.42484801493404,33.6439018561077],[-117.42255101556603,33.64680985590474],[-117.42219901521352,33.64726385592058],[-117.42132501552754,33.64839185574482],[-117.42130301488791,33.648418856014935],[-117.42123801548888,33.64850285621946],[-117.42121701557248,33.64853085626943],[-117.42105601591399,33.64874985653289],[-117.4208020154708,33.64906685621758],[-117.42018601552765,33.649864856695395],[-117.42012701597643,33.64991485636098],[-117.41946401527927,33.65064485654593],[-117.41867401525887,33.65162085704062],[-117.4175920151604,33.65300885734608],[-117.41582701517162,33.65527285777159],[-117.4156070150636,33.65555285752218],[-117.41494601491458,33.65639285728966],[-117.41472701463148,33.65667385760259],[-117.41458301469144,33.65685785749394],[-117.41454201468355,33.65690585740089],[-117.41396801457321,33.657588857568825],[-117.4139110146718,33.6576578576817],[-117.41379701486899,33.65783185765566],[-117.41359101500466,33.658144857230084],[-117.41299901445264,33.6590498580893],[-117.41303101423968,33.65907485862234],[-117.4133260146908,33.65930685792897],[-117.41399701488554,33.65983285823616],[-117.41444801497222,33.660186858327094],[-117.41608401598789,33.66147185829029],[-117.41787701646405,33.66274485747393],[-117.41904101567998,33.66357185825703],[-117.42004201648592,33.66426185826225],[-117.42304801748014,33.66633185796892],[-117.42405001721266,33.66702185826594],[-117.4288740187974,33.67034385840339],[-117.4290290186081,33.670450858489026],[-117.43856002070343,33.677016858730916],[-117.44334802230314,33.68031385818984],[-117.44529102166884,33.6816528585998],[-117.44817302281447,33.68363785872513],[-117.4494320233633,33.684504859483695],[-117.45209902352548,33.68634185868461],[-117.45321002393626,33.68710685873936],[-117.45447002430996,33.68797485899615],[-117.45475502471533,33.68817085967346],[-117.45561302450781,33.68876185855995],[-117.45589902473806,33.6889588590298],[-117.4559530242664,33.68899985906705],[-117.45611502464813,33.68912285906135],[-117.4561700240014,33.68916485911022],[-117.45651002465834,33.68937585913428],[-117.45753302430727,33.69001185858094],[-117.45787402478913,33.690223858845464],[-117.45789702525366,33.69023785918297],[-117.45796902522369,33.69028185884085],[-117.45799302551313,33.69029685924564],[-117.45836002503593,33.690579858818396],[-117.4594630250508,33.69143185886291],[-117.45975302547903,33.691656859407054],[-117.45982902564698,33.6917188594236],[-117.46635902677096,33.69707185938339],[-117.46957902802544,33.69971185957841],[-117.47458502918506,33.703815859195466],[-117.48923903171755,33.70491685904278],[-117.49713003259926,33.70551085828809],[-117.49765703285392,33.70557985880974],[-117.50102103315012,33.706013858654096],[-117.51111803585819,33.70732485738815],[-117.51448703617723,33.70776485811792],[-117.51497903627182,33.70782685846756],[-117.51646503660135,33.70801985834129],[-117.51696103599559,33.70808585723841],[-117.51730803632523,33.708130858087756],[-117.51835103696396,33.708265857505275],[-117.51869903711848,33.708311858127374],[-117.51912103689286,33.70836585765656],[-117.52038803693927,33.708528858146806],[-117.5208110374369,33.70858385815073],[-117.52345003711167,33.70893885766845],[-117.53137103902891,33.710003857131525],[-117.53401103942691,33.710359857348145],[-117.53401803909964,33.71042585668876],[-117.53404103956413,33.710625857075655],[-117.53404903996008,33.71069285754572],[-117.53406103965564,33.71079585662728],[-117.53407503989932,33.710918856805094],[-117.53408503994505,33.71111085662125],[-117.53409203961779,33.71121785752345],[-117.53409703964064,33.71132985745203],[-117.53411603900891,33.71166885733981],[-117.53412303957992,33.711783857654574],[-117.53412103993008,33.71187285712322],[-117.534115039184,33.71214285668489],[-117.5341140402574,33.71223285784459],[-117.53411203970927,33.712306857299424],[-117.53410703968638,33.71253185697678],[-117.53410703968638,33.712551857069016],[-117.5341490404175,33.71258885704056],[-117.53441103946,33.7128238571138],[-117.53440704016035,33.71294485700236],[-117.5343610401296,33.714365856898226],[-117.53434704078421,33.71483985779497],[-117.5344450406935,33.71641485721958],[-117.53473904042137,33.721143858838964],[-117.53483903998048,33.72272085857203],[-117.5349030404529,33.72377885889057],[-117.5349390404379,33.724342859043446],[-117.53502504154997,33.72695685939509],[-117.53504504164144,33.72754685852592],[-117.53506104153497,33.72801785870946],[-117.53511404123842,33.72962085896224],[-117.53513004113195,33.73008585904744],[-117.5352740419703,33.73442986010096],[-117.53532804149867,33.73603385964553],[-117.53539804271718,33.73813486086899],[-117.53560804277946,33.744437860574365],[-117.53567504272662,33.74643886162537],[-117.53567904202625,33.74653986154639],[-117.53569504191978,33.746937861297496],[-117.53574304249865,33.74813386171972],[-117.5357590423922,33.74853286094107],[-117.53576004311545,33.74856686139916],[-117.53576104294034,33.74857586121063],[-117.53577204370931,33.74886486079506],[-117.5358070429711,33.749732862052305],[-117.53581904266666,33.75002286160023],[-117.53582404358784,33.75002286160023],[-117.53585504265169,33.750230861104654],[-117.53595104291111,33.75085686130899],[-117.53598304359649,33.75106586114711],[-117.53601204301049,33.751257862279104],[-117.53609204337644,33.75178286210562],[-117.53609604357442,33.75183386160166],[-117.53611504294265,33.752027861970284],[-117.53622004342294,33.75312686245946],[-117.53641004339376,33.7556608622015],[-117.53644404372896,33.75611886189651],[-117.53646004362247,33.75766986233198],[-117.53772404329582,33.757894861828326],[-117.53808204439443,33.75795486249049],[-117.53915704392188,33.75813786283171],[-117.5395160448454,33.75819886260968],[-117.54124404502426,33.75858286237021],[-117.54227704471892,33.758805862406305],[-117.54497304519343,33.759385862626864],[-117.54790404584456,33.76001786177796],[-117.54836704652514,33.76011686136704],[-117.54906204611102,33.760266862042826],[-117.55306404698999,33.761128861395385],[-117.55576104818769,33.761709862319336],[-117.55612604716238,33.76178886237993],[-117.55844604789323,33.762287861590394],[-117.56650405007784,33.764023861337144],[-117.56908105072667,33.76457886164788],[-117.56918705013354,33.76461486163274],[-117.56997904980378,33.76488286112748],[-117.57235705115927,33.76568786199659],[-117.57315005065443,33.765956861065256],[-117.57464005028362,33.766459861144654],[-117.5747230510226,33.76648286117127],[-117.57510405168742,33.76658986098645],[-117.57691605153187,33.76704486149335],[-117.57708105138829,33.767093861759996],[-117.57935905138804,33.76777286161062],[-117.57951805139672,33.767816861858584],[-117.58014805158355,33.76799286187755],[-117.58055105198969,33.76891486089861],[-117.58073605193762,33.769334861430494],[-117.58080105223493,33.76948186120496],[-117.5816480521568,33.77035886107572],[-117.58196805272223,33.7706898608998],[-117.58274505322218,33.77149486172992],[-117.58355205296104,33.772329861491734],[-117.58506305340491,33.77392686108121],[-117.58583405315875,33.774741861256715],[-117.5863560542889,33.77529386134645],[-117.5879270541089,33.77695486174477],[-117.58845205381544,33.77750886212317],[-117.58994505471597,33.77908686251342],[-117.59442905564377,33.78382586263735],[-117.59592405619412,33.785406863010095],[-117.59819005649831,33.78780186271545],[-117.60123905804853,33.791025862103005],[-117.60167305751851,33.79148486279643],[-117.6049880583092,33.79498886298117],[-117.60549305792426,33.79552186340953],[-117.6072820591008,33.797359863138304],[-117.60765105917176,33.79773586251076],[-117.61101606019116,33.801476863946775],[-117.61546906115683,33.8064278637601],[-117.62217206253317,33.81387686442223],[-117.62448906289097,33.81645086465877],[-117.62589106355489,33.81800986447623],[-117.62804506460441,33.820402864564734],[-117.62968506491971,33.822225865242245],[-117.63280106551878,33.82568886454549],[-117.63450706595633,33.82758486520992],[-117.63666206683072,33.82997986513639],[-117.63737606758151,33.830772865243375],[-117.63832306706244,33.83179486525024],[-117.63910606741017,33.832640864642926],[-117.64333906826779,33.837212865844485],[-117.64501206909338,33.83901886533332],[-117.64686406912081,33.84101886569688],[-117.65172507051545,33.84626786634378],[-117.65242007099967,33.84701886571757],[-117.65427307085199,33.849019866562514],[-117.65432507073051,33.849075866420954],[-117.6544810703661,33.849246866414155],[-117.65453407186618,33.849303866584556],[-117.65478307138821,33.84957086609094],[-117.65503107108533,33.84983886670943],[-117.65505407154986,33.84986386613134],[-117.65605307180766,33.850942866705324],[-117.65718707178466,33.85216686648373],[-117.66061007253039,33.855862866782225],[-117.66212907337018,33.8575038671055],[-117.66242407292297,33.85750886669097],[-117.66330907337796,33.85752586617467],[-117.66360507365395,33.85753186686922],[-117.66574207408671,33.857616866468774],[-117.67215607485976,33.85787486658697],[-117.67429407511742,33.857960866204536],[-117.67435807558984,33.85894486652405],[-117.67442507553697,33.85997186622624],[-117.67453107494389,33.86159286704392],[-117.67455107503535,33.86189986678208],[-117.67456707492889,33.862138866713195],[-117.67461607533271,33.862884866770735],[-117.67462007553065,33.8629458672491],[-117.67469107567575,33.863930867105935],[-117.6747000758966,33.864048866864294],[-117.67471707561502,33.864286867208214],[-117.67491907528138,33.867068867306784],[-117.67499507544936,33.868115866597726],[-117.67506507666789,33.86872986728996],[-117.67399807663803,33.86892786773527],[-117.67359007620902,33.86907386700854],[-117.67250907593547,33.869436868124694],[-117.67217607584955,33.8691998674476],[-117.67214307623757,33.86917586720069],[-117.67181807564926,33.86929786807486],[-117.67162007618086,33.869372867877665],[-117.67185907565714,33.86962786760931],[-117.6719050756879,33.86967786754051],[-117.671940075848,33.86971486754529],[-117.6719970757494,33.869775867619],[-117.67209907585665,33.86988486776446],[-117.67219807559084,33.86999186733391],[-117.67224007632197,33.87003686745432],[-117.67226207606326,33.870059867987386],[-117.67245107620914,33.87026286717005],[-117.6725800760806,33.87040186788612],[-117.67265707607345,33.87048386746189],[-117.6729190760143,33.8707648678302],[-117.67314607579502,33.87100986805206],[-117.67376107681156,33.87083586774769],[-117.67395307643218,33.87101186771915],[-117.67410807624287,33.87114886755172],[-117.67516207675227,33.87207786783444],[-117.67551407710476,33.872387867734176],[-117.67585407596508,33.872686867436926],[-117.67680007741775,33.87351686706677],[-117.67687407703761,33.87359086820727],[-117.6770000774343,33.87371586777065],[-117.6771850764839,33.87392286789804],[-117.67721007749655,33.8739498673264],[-117.67947607780074,33.87649186775801],[-117.68030107708296,33.87741686753267],[-117.68786907882277,33.882294867912925],[-117.6879400798662,33.88234086833216],[-117.69083507963404,33.88420686835284],[-117.69099808073898,33.88431186850914],[-117.69149008083356,33.88462886829656],[-117.69165407996677,33.884734867979155],[-117.69176608101809,33.884806868997025],[-117.69210308040365,33.8850238679996],[-117.69221608038157,33.88509686881494],[-117.69260208106925,33.88534486827844],[-117.69320208111887,33.88573186812389],[-117.69616208118404,33.887637868277764],[-117.69714908084792,33.8882738688113],[-117.69744508112394,33.88846386864174],[-117.69833308195196,33.88903686856236],[-117.6986300820529,33.8892278681777],[-117.70017408210873,33.89022186881316],[-117.70480508334964,33.893205868967385],[-117.70634908340547,33.89420086866426],[-117.70713708377605,33.89470786832962],[-117.70730608383046,33.89481686794638],[-117.70950408436262,33.89623186910623],[-117.710294084383,33.89674086918288],[-117.71109308462425,33.8972548686983],[-117.71349108517293,33.898799868429556],[-117.7142910852391,33.89931486882979],[-117.7152260859228,33.89992686823615],[-117.71802508632945,33.901756868610214],[-117.7180360862001,33.9017628684319],[-117.71809808612437,33.90180486866341],[-117.71897308563531,33.902376869330254],[-117.71989208642547,33.90297786874072],[-117.72050608671879,33.903379868745745],[-117.72265108754748,33.9047808683927],[-117.7232070872162,33.905143868948805],[-117.72353808675396,33.9053608691449],[-117.72357208798746,33.90538286855328],[-117.7235820871349,33.90538886886537],[-117.72397308784547,33.90564486886586],[-117.72457208717186,33.90603786931602],[-117.72460108748419,33.90605686916287],[-117.7251790877925,33.90643486935594],[-117.72558108837372,33.90669886899371],[-117.72644008799111,33.90725986905061],[-117.72901708863994,33.90894486895824],[-117.72987608825734,33.90950686889908],[-117.73026308876995,33.90978186896853],[-117.73051708831483,33.909962869354196],[-117.73142408940943,33.910606869071835],[-117.73181208884864,33.91088286831327],[-117.73254408914272,33.91135686853913],[-117.73474309039811,33.91278086923431],[-117.7354760896188,33.91325586905241],[-117.73554509011407,33.913299868261205],[-117.73575309052653,33.91343486935171],[-117.7358230899484,33.9134798689222],[-117.73621209011085,33.91373086845952],[-117.73685309106669,33.91414786917807],[-117.73738109024796,33.91448786962333],[-117.73776409056259,33.91473686904058],[-117.7390020902967,33.91553886944254],[-117.73950609098515,33.91586486881093],[-117.74108609102599,33.91688686946303],[-117.74269609210238,33.91792986928],[-117.74392809198868,33.91872786936965],[-117.74488109221572,33.91934586887741],[-117.74774509291971,33.92119986883204],[-117.74810909296777,33.921436868908096],[-117.74822709296858,33.921512868701676],[-117.74869909297166,33.92181886940117],[-117.7497000937776,33.92252586929393],[-117.75051509301407,33.92310086908501],[-117.75089909315363,33.92337186940535],[-117.75596409476279,33.92694686940771],[-117.75691909553797,33.92762086941978],[-117.75778209445501,33.92822886943795],[-117.75935109552351,33.929335869065305],[-117.76060109585147,33.93021886996209],[-117.76194209641602,33.93119386948418],[-117.76402509642212,33.93270786929941],[-117.764911096702,33.93335286949927],[-117.76548409608912,33.93376887010923],[-117.76557909742199,33.93383886953551],[-117.76601309689197,33.93415386959584],[-117.76731709674829,33.93509887023838],[-117.76775209694146,33.935414869560724],[-117.76786109761971,33.93549486958997],[-117.76819109823093,33.93573686961209],[-117.76823709736335,33.935771869641485],[-117.76830109783577,33.93581787027581],[-117.76837609728054,33.935872869624454],[-117.76940009765269,33.93661787010722],[-117.76978309796733,33.93688786972332],[-117.77249509833537,33.938796869892464],[-117.77292309885584,33.939097870335225],[-117.774272098918,33.94004786973224],[-117.77468209899685,33.94033687005122],[-117.77511909883982,33.94064386958623],[-117.77576909911816,33.94110086971283],[-117.77612209929558,33.94134986959406],[-117.77718409930257,33.94209687008474],[-117.77728409886168,33.9421668701171],[-117.77753909912981,33.94234587003382],[-117.77825709918024,33.94285087000154],[-117.78041110022973,33.94436887008938],[-117.78113010010503,33.944874870064844],[-117.78127610059322,33.94497786985042],[-117.78135910043389,33.945035870239174],[-117.78154310055692,33.945165869810666],[-117.78171610080928,33.94528787003038],[-117.78186410004898,33.94539187014075],[-117.78187810119097,33.94540086936326],[-117.78308710061275,33.946264870033744],[-117.78329910122315,33.94641586988801],[-117.78370810147707,33.94662986984936],[-117.78464810128533,33.94731886992497],[-117.7874691014333,33.949389870349094],[-117.78840910213987,33.950079869716085],[-117.79359010320167,33.95379487028753],[-117.79356310343748,33.953826870403695],[-117.7935971037727,33.95789987018395],[-117.79360310362046,33.95857887142078],[-117.79363010338461,33.96198587167198],[-117.79365010437444,33.9645608714483],[-117.79367910468677,33.96813987187103],[-117.79380310453531,33.96814287205176],[-117.79380310453531,33.96811787228081],[-117.79448010457781,33.968133872254285],[-117.79448010457781,33.96818087160016],[-117.79513610470397,33.96819187250536],[-117.80228710579397,33.968308871953795],[-117.80245710657158,33.968312871938444],[-117.80247010609206,33.969219871239744],[-117.80247210664018,33.969424872299406],[-117.80248110596271,33.9700808720715],[-117.80248410633577,33.97026987148702],[-117.80249610692967,33.971259871531565],[-117.80253810586412,33.97457587212608],[-117.80255110718122,33.97555587246845],[-117.80079010649212,33.97850487295481],[-117.79886410684485,33.98172887332951],[-117.7969261066037,33.98497587364963],[-117.796251106211,33.98610487350251],[-117.79587810684045,33.98672787345761],[-117.79414310609057,33.98963187416699],[-117.79338810623025,33.99089787423119],[-117.79120910596471,33.994543874413914],[-117.79112210592606,33.994681874761326],[-117.79109210578883,33.99473787577747],[-117.79096610629045,33.99494987583193],[-117.79051310655392,33.99570887543811],[-117.78782410575212,34.000208875907695],[-117.78605210609065,34.003171876465174],[-117.78552510583594,34.0040548766858],[-117.7851821057043,34.00462987594987],[-117.78507410574926,34.00481387685818],[-117.78460910631715,34.0048088762317],[-117.78237910509966,34.00478387607353],[-117.7816361049349,34.00477587730223],[-117.78126510521416,34.00477087667351],[-117.78015310497842,34.004758877397435],[-117.77978310508259,34.00475487689363],[-117.77885610479481,34.00474387625198],[-117.77879610541866,34.00474287612593],[-117.77570610386054,34.004708877044315],[-117.77265510445714,34.004673877077565],[-117.77022210285004,34.00464987700688],[-117.77011810399128,34.00464887687966],[-117.77003910345027,34.00464587724266],[-117.76993310314505,34.004643877732825],[-117.76933910384153,34.00463687758634],[-117.76774710230848,34.00461887752609],[-117.76771810289449,34.004617877398566],[-117.76763110285586,34.004616877270976],[-117.76760210344186,34.004616877270976],[-117.76749510241339,34.00461587788808],[-117.76748910346393,34.004697877886116],[-117.76742110279355,34.00573087805546],[-117.76705710364381,34.01119687879729],[-117.76706810351448,34.01132987865448],[-117.76713010343875,34.01207087861917],[-117.76723910321867,34.013571878930385],[-117.76757510367767,34.01817087919522],[-117.76764210452315,34.01910687903258],[-117.76766310443952,34.01938887907478],[-117.76776410382355,34.01943387920868],[-117.76775710415086,34.01960987895733],[-117.76770210479758,34.02084788000041],[-117.76770210479758,34.02194487910331],[-117.76770210479758,34.02322588013208],[-117.76770210479758,34.02324788034765],[-117.76770210479758,34.02351087960606],[-117.76764310434804,34.023513880065686],[-117.76660510463049,34.023350879757984],[-117.76624510388207,34.0232938798323],[-117.76488310340113,34.02308187979881],[-117.76093110364918,34.02246687999961],[-117.75941610300737,34.02223088056537],[-117.75808210301379,34.02211188030842],[-117.75788310282219,34.022078880658086],[-117.7567721024114,34.02190487992054],[-117.75645910241694,34.021858880427615],[-117.75596310302271,34.021774880026754],[-117.75553610232713,34.02171087955918],[-117.75535310202903,34.021675879899625],[-117.75525610194467,34.021653880021184],[-117.75517910195177,34.02163687977272],[-117.75458210137685,34.02150488035567],[-117.75456410183351,34.02149987996761],[-117.75445110185561,34.021480879830435],[-117.7543371020528,34.02146288036271],[-117.75373910255132,34.02137988024466],[-117.75348110191014,34.02134487970404],[-117.75203210139055,34.02114188090029],[-117.7520011014284,34.02113688049078],[-117.75190910226522,34.02112188074979],[-117.75187910122968,34.02111788027235],[-117.7517181015712,34.02109288044873],[-117.75156310086219,34.02104687977117],[-117.7512911008756,34.02097587995515],[-117.75037210098375,34.02084188038172],[-117.74887210041054,34.02058188011693],[-117.74884910084432,34.020577881103236],[-117.74790210046507,34.02042487978334],[-117.74662910057087,34.02022188101286],[-117.74655610077595,34.02020988019741],[-117.74649910087454,34.02020188064558],[-117.74642810072945,34.020189879827306],[-117.74635310038636,34.02017888044078],[-117.74626510052282,34.02016388053043],[-117.74618310050705,34.02015088050673],[-117.74609610046842,34.02013688053625],[-117.7460171008257,34.020123880508415],[-117.74597210061988,34.02011688014895],[-117.74542910047163,34.020028880473596],[-117.74539010101189,34.020022880796965],[-117.74507010044644,34.01997088060382],[-117.74499710065152,34.019959880444354],[-117.7447011003755,34.019911880747024],[-117.7443971006019,34.01986388027798],[-117.74435410004587,34.01985687989707],[-117.74432509973357,34.019851880901015],[-117.74410710017366,34.019815881270894],[-117.74407809986135,34.01981288068057],[-117.74401209973911,34.01980388039804],[-117.74368210002623,34.019761880307954],[-117.74354409993394,34.01974388047573],[-117.74230509947667,34.01958488017865],[-117.7415390997457,34.019486880427834],[-117.74025609980575,34.01932388057656],[-117.74020109955417,34.019316880895644],[-117.74003209949979,34.0192498809427],[-117.73970109996198,34.019116880090365],[-117.73964409916223,34.01909988082298],[-117.73961209937521,34.01911288100765],[-117.73952709898639,34.019126881147024],[-117.73689309843617,34.018718880712],[-117.73623209828718,34.01861688085523],[-117.73611109881166,34.018598880780225],[-117.73599509935902,34.0185798807382],[-117.73585809909167,34.01855888076523],[-117.73560609829828,34.01868288134594],[-117.73535609805303,34.018804880335395],[-117.73525009864615,34.01885788120272],[-117.73405309802162,34.01944788078427],[-117.73332309917396,34.01980788093741],[-117.73190109752022,34.020516881787685],[-117.7317290979911,34.02059388162435],[-117.73167509846276,34.02061888085044],[-117.73154409804317,34.020682881396866],[-117.73134909804952,34.02077888138151],[-117.73130309801876,34.020801881423715],[-117.7301370982547,34.02137588201307],[-117.72998609864196,34.02224788143936],[-117.7297090977342,34.023851882277675],[-117.7296440974369,34.024223882614294],[-117.72958809825872,34.02455088243411],[-117.72953009763408,34.02490588234665],[-117.72949309782415,34.02514388155926],[-117.72946209876031,34.025334882612455],[-117.72943509809784,34.02553588204819],[-117.72952409778628,34.02553788181056],[-117.72945709873744,34.02579388227079],[-117.72932609831788,34.02620188219918],[-117.72929809783048,34.02629588215281],[-117.72898509783603,34.027901882128255],[-117.72898509783603,34.02792888263016],[-117.72897009866573,34.02804288291742],[-117.72897009866573,34.02812688232576],[-117.72868809773512,34.02977488300509],[-117.72868809773512,34.02983988317761],[-117.72866709781873,34.02990488255583],[-117.72874309798671,34.03015088274127],[-117.72860809826749,34.03082988302915],[-117.72820509875966,34.03286788235133],[-117.72807109886537,34.03354788227103],[-117.72806609884249,34.033564883111104],[-117.72805409914695,34.03361888347998],[-117.72805009894897,34.033636883347114],[-117.72788609801914,34.03436388376443],[-117.72739609847268,34.03654488336781],[-117.72723309916438,34.03727288317259],[-117.72720109847901,34.03741588350346],[-117.72718809895851,34.03745488307813],[-117.72649309937265,34.03966388380842],[-117.72644209842072,34.03982688329876],[-117.72609209861635,34.04093988384066],[-117.72602209919448,34.04113288371539],[-117.72595109904934,34.04129888393515],[-117.72452109879634,34.04469188429814],[-117.724503099253,34.04471888466682],[-117.72444609935158,34.044869884557635],[-117.72444309897855,34.044941884129976],[-117.72442309888704,34.04545288439328],[-117.72439709894778,34.045525884604835],[-117.72437709885631,34.0455848845158],[-117.72400909861028,34.046647885202155],[-117.72361209895026,34.04792188438105],[-117.72359709888161,34.04813588484257],[-117.7235760989652,34.04847388497912],[-117.72357509824198,34.048489884705596],[-117.72261409941565,34.051149885820045],[-117.72230109942123,34.05201588474144],[-117.72223609912389,34.05218788562118],[-117.72219509911602,34.0522948853736],[-117.7221010994047,34.052539885814426],[-117.7218220988471,34.05327788601706],[-117.72173009878561,34.053524885696774],[-117.72170109937159,34.05359788565715],[-117.721617099706,34.05381988603749],[-117.7215890992186,34.053893885290776],[-117.7215390989899,34.05402488537955],[-117.72139009902696,34.05441888546048],[-117.72134109952148,34.054550885021364],[-117.72109909877386,34.05518788605178],[-117.72090109930545,34.05571388591966],[-117.72085609909958,34.05583888530783],[-117.72084909852857,34.055858885460786],[-117.72072909887798,34.056197886330295],[-117.7206870990452,34.05631088557462],[-117.7202160997653,34.057593886161804],[-117.71964109893172,34.05915688579666],[-117.71960109874875,34.05931488612408],[-117.71957109950982,34.05942888590416],[-117.71955909891598,34.059480886471036],[-117.71953209915176,34.05958388579656],[-117.7195000984664,34.05971488676659],[-117.71949309969203,34.05973588697144],[-117.71948409947122,34.05975588694905],[-117.71943709961552,34.059864886520856],[-117.71831309878597,34.062515886966644],[-117.71801909905811,34.063179886627026],[-117.7176680985305,34.06397888732132],[-117.7176610997561,34.0640838874756],[-117.71758109939017,34.064277887673484],[-117.71734909958656,34.06484688647487],[-117.71718309900692,34.06530488722192],[-117.71702309917335,34.06574388708481],[-117.71699209921121,34.06584988743465],[-117.71684309924828,34.066250887144164],[-117.71666409914813,34.066734887658285],[-117.71664909997784,34.066776887560245],[-117.71661109944469,34.06689188785852],[-117.71655709901802,34.06702488747821],[-117.71652109903302,34.06712288737772],[-117.71632109901648,34.06766588754616],[-117.71621009958669,34.067920887974395],[-117.71613709979175,34.06808988746181],[-117.7160270992886,34.06833988749886],[-117.7156120991869,34.06928688787583],[-117.71559609929338,34.06932588767383],[-117.71557409955209,34.06937388768683],[-117.71510809939676,34.070412887642746],[-117.7150920986049,34.07044988747497],[-117.71503109940383,34.07059588794239],[-117.71477009928795,34.07119388777134],[-117.7145910991878,34.07159788773532],[-117.71458909953799,34.07160688847512],[-117.71369009883932,34.07365188816618],[-117.71342909962169,34.07424688784855],[-117.7134210992258,34.074261888611865],[-117.71321309971162,34.07473988847983],[-117.71285709916117,34.0755588887657],[-117.7127670996478,34.075739889043255],[-117.71268909983,34.07589788895704],[-117.71247509956976,34.07635588874653],[-117.71231609956111,34.07671788922896],[-117.71226909880711,34.07682488851833],[-117.71209909982612,34.07721788898309],[-117.71192409992392,34.07762088848042],[-117.71186509947437,34.07775588913319],[-117.71182709983955,34.077835888371304],[-117.7118170988955,34.07785888856607],[-117.71177809943576,34.077948889268306],[-117.7116970992449,34.07813788894358],[-117.71152609954066,34.07851988851917],[-117.71143809967712,34.078716889138406],[-117.71113009970556,34.079423889381445],[-117.71107909965191,34.07954088885776],[-117.71085610006917,34.07993088941696],[-117.71082009918584,34.08001588949128],[-117.71069709916218,34.080305889233905],[-117.71049509949584,34.08078288924452],[-117.71045909951081,34.080860889397734],[-117.7101620994099,34.081492889249276],[-117.71012609942487,34.08157088949259],[-117.71004009921116,34.08176588978657],[-117.7099991001016,34.08185688927411],[-117.7099581000937,34.08194889011193],[-117.70994009965204,34.081988889248095],[-117.7099240988602,34.08202489001698],[-117.70989109924825,34.082100889853834],[-117.70972409974198,34.08247688894381],[-117.7095570993374,34.08285188939094],[-117.70949110011348,34.08300588963918],[-117.7094250990929,34.08315988960731],[-117.70889009934062,34.08436788910199],[-117.70879109870809,34.08459388968174],[-117.70858509974211,34.08505888952377],[-117.70849209985568,34.08525889031844],[-117.70809509929735,34.0861778900622],[-117.7076980996373,34.08709689024691],[-117.70761909999459,34.08728189000494],[-117.7072900992083,34.08802889090815],[-117.70718809999934,34.08826189058635],[-117.70701009972414,34.08866689011024],[-117.70693009935816,34.08881889044008],[-117.7068680994339,34.088899890264514],[-117.70616009942927,34.090740891065856],[-117.70607609976365,34.09095889142844],[-117.70600509872025,34.09114389093069],[-117.70593309964855,34.091328891516476],[-117.70586009985358,34.091503890994815],[-117.705697099647,34.091859890900025],[-117.70540109937095,34.09251389132977],[-117.70535409951532,34.09261489099805],[-117.70525009975823,34.09284089113765],[-117.70518909965885,34.09297489075779],[-117.70473709884892,34.093961891861085],[-117.70463409981508,34.09422589105551],[-117.70451409926618,34.09454089172212],[-117.70443409979853,34.094758891225496],[-117.70440110018659,34.09481189148741],[-117.70433209969129,34.09498189142982],[-117.70430209955406,34.09505989114911],[-117.70445109951699,34.09505289176851],[-117.7046070991526,34.095119891342],[-117.70450309939551,34.09526689148618],[-117.7044450996692,34.09535089124139],[-117.7040660995525,34.09617089134497],[-117.70375809958094,34.09696889126431],[-117.70340510030184,34.09781189129564],[-117.70312809939409,34.09853089143257],[-117.70300209899737,34.09886189158388],[-117.70277709976482,34.09915689176477],[-117.70275709967333,34.099186891902136],[-117.70249109953453,34.09953789197461],[-117.70009609935893,34.105569892237405],[-117.6998480996618,34.10619289279934],[-117.69959409921857,34.106828893360436],[-117.6988761000665,34.10843089378662],[-117.69878509982992,34.108634892978294],[-117.6984560990436,34.10936689386003],[-117.69830409960596,34.10970689294041],[-117.69824809952945,34.10983489336018],[-117.69809809974163,34.11022189382319],[-117.69745709968413,34.11183189304857],[-117.6972061005123,34.11245989383882],[-117.69454209982484,34.11914989444443],[-117.69360009946845,34.121513894831594],[-117.69355709981075,34.121631895114206],[-117.69323909979343,34.12249289514789],[-117.69283510046068,34.123588894853256],[-117.6927781005593,34.123572895182285],[-117.69251709954506,34.12420989466261],[-117.69232009990158,34.12468789507717],[-117.69222610019025,34.12491889530618],[-117.69163109926518,34.12636989581877],[-117.68989709923855,34.130585896199925],[-117.6896480997165,34.131192895704146],[-117.68918310028442,34.132322895622735],[-117.68824810049904,34.13459589655615],[-117.68681110057334,34.13812689717741],[-117.68556310079353,34.14249089759151],[-117.68546809946065,34.14282489815153],[-117.68513510027303,34.14398889766854],[-117.68444710035985,34.146395898307254],[-117.68437310074002,34.14665789753497],[-117.68432810053417,34.14681389824421],[-117.68428610070139,34.14696289837623],[-117.68344710027714,34.149897898642664],[-117.68340610026927,34.15004289894421],[-117.68327610057294,34.1504928989872],[-117.68323410074012,34.15064289846873],[-117.68311510001611,34.15105589877237],[-117.6824731001337,34.1532628993816],[-117.68244510054461,34.15336089904074],[-117.68241810078045,34.153450898976544],[-117.68235710068109,34.15366189855737],[-117.68228810108411,34.153895898694955],[-117.68219410047446,34.15422289907832],[-117.6821481004437,34.15437989904444],[-117.68172509994609,34.15583189906056],[-117.68111910004868,34.15700489981864],[-117.67993210036822,34.15928289951626],[-117.67872610042122,34.161579900138605],[-117.67851310088417,34.161997900747636],[-117.67813310094256,34.163518900459934],[-117.6777051013204,34.16424290099798],[-117.67758810114455,34.16437290080457],[-117.67771710101599,34.16443590080466],[-117.67787710084954,34.1645419001796],[-117.67778810026275,34.164735900514025],[-117.67775710119894,34.164803900349504],[-117.67781010090239,34.164803900349504],[-117.67778510078804,34.1649059011149],[-117.67774710025488,34.165057900452865],[-117.67771810084088,34.165177901066926],[-117.67766910043709,34.16533890034688],[-117.67769710092448,34.16547490122148],[-117.67762510095444,34.16564290090624],[-117.67756010065713,34.165771900331116],[-117.67752010047415,34.16586090070672],[-117.67750210093081,34.16597690133937],[-117.6774951003598,34.166043900465965],[-117.67748210083933,34.16610890086578],[-117.67741710054202,34.16610790041405],[-117.6770031011635,34.168219901210165],[-117.6769451005389,34.16821190076908],[-117.6766841013213,34.16924790103479],[-117.67500910174421,34.175886902080215],[-117.67439010142803,34.17833990244308],[-117.67396510128057,34.180027902462264],[-117.67022910233705,34.19503190437568],[-117.6696281024625,34.197216905056656],[-117.66949810186786,34.197733904727095],[-117.66919610264236,34.19893090491542],[-117.6689261023056,34.20001590490623],[-117.66887710190184,34.200174905230114],[-117.66894310202406,34.20019790484095],[-117.66753810278371,34.20529190622251],[-117.66719510175375,34.20653190564839],[-117.66727110282001,34.2065549057536],[-117.6669041023989,34.2080079062351],[-117.66679610244387,34.20843890575295],[-117.6656361025276,34.21302690633163],[-117.66549510296059,34.21358990644672],[-117.6644011031666,34.21791290780332],[-117.66431510295284,34.21825290753401],[-117.66417010318789,34.21883090801272],[-117.66405710231167,34.21927490779249],[-117.66378910252307,34.220338907679526],[-117.66329610260357,34.22229390816074],[-117.66264410357373,34.22487290864427],[-117.66249110341285,34.22547490815583],[-117.66193410302091,34.22768590789657],[-117.66140810348945,34.229764909044775],[-117.66125210295552,34.230383909159855],[-117.66074210331762,34.23239790929383],[-117.66029610325377,34.234162909302995],[-117.66020910411345,34.234506909587424],[-117.66017710342807,34.23463690952761],[-117.65985710376094,34.23594991007491],[-117.65982810344863,34.23606791009755],[-117.65951210308113,34.23737190969555],[-117.65937310406228,34.23796490961313],[-117.65947410344629,34.23804090957744],[-117.65945310352988,34.238059910114764],[-117.65926810358198,34.23823091030185],[-117.65908510328386,34.239308909959966],[-117.65912010434228,34.23947790993259],[-117.65895010356464,34.239484909972504],[-117.65873310382968,34.24034691001074],[-117.65800410390862,34.24323191004773],[-117.65738110429277,34.245691910907325],[-117.65732810369103,34.245903910952435],[-117.65697910371155,34.247286910895056],[-117.6566251037092,34.2486899109676],[-117.65634710477319,34.24978391133638],[-117.65626710440723,34.24976991148391],[-117.65622010365328,34.2500099120265],[-117.65612010409414,34.25043791139425],[-117.65601410468727,34.25089391089317],[-117.6529191040046,34.26297391313895],[-117.65300610494153,34.26299791346661],[-117.65293610462133,34.263281912988354],[-117.65234410496764,34.26561691336404],[-117.65215710536991,34.266359913285584],[-117.65166010435411,34.268323913978016],[-117.65114910489126,34.27034491388574],[-117.65097810518704,34.27101791423015],[-117.65063310540553,34.272388914156046],[-117.65014210513587,34.27432691445862],[-117.6496591052621,34.27623691482637],[-117.64947410531418,34.27696391490343],[-117.64935510459019,34.27743791455231],[-117.64859510470698,34.28044491526181],[-117.64810610498543,34.28237291504953],[-117.64782510567636,34.28348791554131],[-117.64638610520251,34.28917491567033],[-117.64645210532476,34.28997091691003],[-117.64693610592174,34.2958799174021],[-117.64703910675222,34.2971339170992],[-117.64711210654714,34.29802191783461],[-117.64729610667018,34.30027091750093],[-117.64749310721199,34.302681917691366],[-117.64759410749431,34.30391391833154],[-117.64800710704787,34.308954918691896],[-117.64825710819144,34.31200291879442],[-117.64859110810231,34.31607891955696],[-117.6489351089572,34.3202789202336],[-117.64927110941618,34.32438391989057],[-117.64961610919767,34.32859892048184],[-117.64967610947213,34.3293419206464],[-117.64970610960934,34.329696920982045],[-117.64972210950289,34.32989692073947],[-117.6497731095565,34.3305139213119],[-117.64990910999893,34.33216592117985],[-117.65010611054073,34.334578921395334],[-117.65031411005491,34.33711292154404],[-117.65046611039087,34.33896792130197],[-117.6504711104137,34.33902992138346],[-117.65049111050521,34.33926092183393],[-117.65068611049888,34.34164392197411],[-117.65073611072759,34.34225692281245],[-117.65088511158885,34.34407392166345],[-117.6510881110801,34.34654592304123],[-117.65130211134034,34.34915692294762],[-117.65149311203439,34.35147992342243],[-117.65168811202804,34.35386292265158],[-117.65187811199884,34.356174923830174],[-117.65197811245629,34.3573989235447],[-117.65207411271572,34.358567924002905],[-117.65208111238843,34.358642923548636],[-117.65213111261714,34.359254924304224],[-117.65218211267079,34.359879923973686],[-117.65219511308958,34.36004492401043],[-117.65225811194044,34.360813924220075],[-117.65227311290737,34.3609949244865],[-117.6523521134484,34.36194792414033],[-117.6523881134334,34.36239092432013],[-117.65244611315973,34.36309192393899],[-117.65245911268019,34.363262924104006],[-117.65252511280244,34.36406492402907],[-117.65254111269597,34.36425892442609],[-117.65260211369365,34.364999923917985],[-117.6526281127346,34.36530992401272],[-117.65265711304691,34.36570892491034],[-117.65268111333637,34.36596692525418],[-117.65269711322989,34.366169924681714],[-117.6528381136952,34.36786992436414],[-117.65290811311709,34.36873092497652],[-117.65299011403116,34.36972892532073],[-117.65314611366678,34.37162792479413],[-117.65328411375904,34.37331492512697],[-117.65332711431505,34.37384592577373],[-117.65341711382843,34.37493292554229],[-117.65355311427088,34.37659092616698],[-117.65387411466125,34.380496926605545],[-117.65401311457842,34.38219492667424],[-117.65412911403105,34.38361292664928],[-117.65428711511312,34.385523926477845],[-117.65446311484021,34.387664926869],[-117.65468911569432,34.39042492736535],[-117.65507211600897,34.39508492780816],[-117.65522511616985,34.396957928550805],[-117.65524711591117,34.397226928203324],[-117.65526511635282,34.397447927612525],[-117.65566511728422,34.40230392784985],[-117.65575811717065,34.40344092888136],[-117.65595511681414,34.40584292902586],[-117.65624911744031,34.40942392923496],[-117.65632211723526,34.41031592979264],[-117.65648211796712,34.41225992973414],[-117.65656211833307,34.413238929817844],[-117.65675511777862,34.41558392980897],[-117.65683411831965,34.41654793035521],[-117.65690111826679,34.417363929851426],[-117.65696011781803,34.41806893039897],[-117.65701711771942,34.41877493060183],[-117.65703311851127,34.41896993062762],[-117.65714011864138,34.420263930153304],[-117.65719711854281,34.420961930970364],[-117.6572941186272,34.42214093039142],[-117.65738511796548,34.42324193122032],[-117.65743411926756,34.42384693089761],[-117.65747511927546,34.42434093019809],[-117.6575491188953,34.425241931012536],[-117.65756711843865,34.42546093133073],[-117.65758611870523,34.42569893139823],[-117.65760711862163,34.42595593105272],[-117.65761011899468,34.42599093133376],[-117.65761511901755,34.42605093156977],[-117.6576261188882,34.42618393092666],[-117.65765711974868,34.42656193141459],[-117.65768611916266,34.42690693093847],[-117.65771411965005,34.42725093095107],[-117.65772111932276,34.427340931414285],[-117.65773411974153,34.42749793165291],[-117.65774911981016,34.42766893142628],[-117.65782311943,34.428590931451865],[-117.65784911936927,34.428894931442535],[-117.65804311953802,34.431246931361734],[-117.65806211980461,34.4314819312181],[-117.65824411937949,34.433693931759265],[-117.65843612079674,34.43603193230678],[-117.6586331195419,34.43843493228117],[-117.65867711992283,34.43897193196224],[-117.65881011999224,34.440584932084505],[-117.65881612073834,34.440655933124354],[-117.65900212140949,34.44292193306401],[-117.6590991214939,34.444105932948325],[-117.65914812099936,34.44469593343265],[-117.65919512085503,34.44527093277695],[-117.65924212071069,34.445843933173556],[-117.65928712091653,34.446382932808554],[-117.65940312126749,34.44780193316243],[-117.65945812151908,34.44846593322936],[-117.65950712192287,34.44907193333791],[-117.65952512146622,34.44928593320345],[-117.65953512151195,34.4493999332472],[-117.65954912175566,34.44957293421855],[-117.65954012153485,34.4495799330385],[-117.65955212123039,34.44960393332706],[-117.65956012162631,34.44970693396244],[-117.65956612147409,34.44977793317574],[-117.65964812148988,34.45077693374682],[-117.65967712180219,34.45113493436511],[-117.65967912145202,34.451233933019616],[-117.65967912145202,34.45129593369602],[-117.6596851221981,34.451609933499526],[-117.65971812181007,34.45206793415347],[-117.65973812190157,34.45234993370788],[-117.6597691218637,34.45277393385153],[-117.6597641209425,34.45288193429884],[-117.65975912181797,34.45299393387442],[-117.65974512157425,34.453278934742784],[-117.65974512157425,34.45329193398468],[-117.65974112227462,34.45336293385409],[-117.65974212209952,34.45343293440696],[-117.65974612139915,34.453988933793966],[-117.65974712122407,34.454027934144946],[-117.6597481219473,34.454247934568],[-117.6597481219473,34.45427293424272],[-117.6597481219473,34.45433193418613],[-117.65974912177221,34.454375933564336],[-117.65975012159713,34.454486934114925],[-117.65975112142205,34.454599934483866],[-117.65975212214525,34.45465493426724],[-117.65975212214525,34.454721934533566],[-117.65975012159713,34.454879933677255],[-117.65975012159713,34.45501193457981],[-117.65975012159713,34.45505093445303],[-117.65975012159713,34.45513093483863],[-117.6597481219473,34.45514393453298],[-117.6597481219473,34.455670934511126],[-117.6597481219473,34.45591393355781],[-117.65975112142205,34.456106934409206],[-117.65976112236609,34.45692993403842],[-117.65976312201592,34.45701893443207],[-117.65976512166573,34.45721293490317],[-117.65976512166573,34.45725493434259],[-117.65976812203878,34.45771793487486],[-117.65977312206165,34.45821393529874],[-117.65977612243468,34.45857993462725],[-117.65980612167363,34.45986893529667],[-117.65980912204665,34.460225934797066],[-117.65981212241971,34.46066093470187],[-117.65981712244258,34.46130293466529],[-117.65980912204665,34.46196293446524],[-117.65981512279276,34.461972934893396],[-117.65980612257192,34.46232993428492],[-117.65980412202379,34.46252793455901],[-117.65979212232823,34.46369493491558],[-117.65978712230533,34.46414293503593],[-117.65978712230533,34.46417993535171],[-117.65979312305147,34.46469193517504],[-117.65980112344737,34.46549893549472],[-117.65981212241971,34.46678693540895],[-117.65981312314294,34.46696793606858],[-117.65981712334089,34.46836793596439],[-117.65983112268628,34.469151936254285],[-117.65983912308221,34.46959393566904],[-117.65984012380542,34.46966993550007],[-117.65986112372184,34.470990935852114],[-117.65986112372184,34.47119793659792],[-117.65986112372184,34.47124593584958],[-117.65986212264842,34.47143193611436],[-117.65986212264842,34.471446935795115],[-117.65986312247334,34.47178693622946],[-117.65986312337165,34.47195493637714],[-117.65986312337165,34.47214393586126],[-117.65988912331092,34.473205936640056],[-117.65989012313584,34.47324493616033],[-117.65989212368397,34.473321936128116],[-117.65989212368397,34.473336936209755],[-117.65988012398842,34.474707936728784],[-117.65988212273992,34.47481593620306],[-117.65988512311297,34.47496693617318],[-117.65988612293786,34.475022937088205],[-117.65988612293786,34.475048936204274],[-117.65989512405703,34.475453935745065],[-117.65990712375257,34.47608293658168],[-117.65991312360038,34.47685793581808],[-117.65991312360038,34.476887936929025],[-117.6599151241485,34.477160936693465],[-117.65991712379835,34.477365936043356],[-117.659928123669,34.47805093615981],[-117.65994212391269,34.47880093664283],[-117.65997812479601,34.479364937108535],[-117.65998312392055,34.48009393699687],[-117.65998312392055,34.480103936733684],[-117.65998812394344,34.48063993760767],[-117.65998812394344,34.48190893697751],[-117.65998812394344,34.48194693795811],[-117.65998812394344,34.482039937693315],[-117.65998912466667,34.48231593732422],[-117.65998912466667,34.4823859372947],[-117.6599911243165,34.48296593669465],[-117.6599921241414,34.48352093745152],[-117.6599921241414,34.48369093693794],[-117.6599921241414,34.4841159374703],[-117.6599921241414,34.48421593736802],[-117.65999212503972,34.48483993698348],[-117.65998912466667,34.48515493759371],[-117.6599841246438,34.485626937583675],[-117.65998312392055,34.48568593757976],[-117.65997912372261,34.486057937735865],[-117.65997812479601,34.486130937824576],[-117.65997712497109,34.48618993746411],[-117.65997812479601,34.486287937890154],[-117.65997912372261,34.48644693760348],[-117.65997912372261,34.48656193759378],[-117.65998012444585,34.486623937947726],[-117.65998012444585,34.48667393788909],[-117.65998012444585,34.48673193754655],[-117.65998212409563,34.48736693826926],[-117.6599841246438,34.48759393753184],[-117.6599841246438,34.487697938269534],[-117.65998512446872,34.487787938020105],[-117.65998812484175,34.48805893775201],[-117.65998812484175,34.48817593764283],[-117.65999212503972,34.4886029374275],[-117.65999612523767,34.48931093824049],[-117.66000012453732,34.48996393731094],[-117.66000212418714,34.49027393856192],[-117.6600041247353,34.49053393810167],[-117.66000712510832,34.490950938484374],[-117.66001012548138,34.49128493843934],[-117.6600111253063,34.49142793818178],[-117.6600111253063,34.49148093830879],[-117.66000712510832,34.493193938650755],[-117.66000512545851,34.493731938101874],[-117.66000512545851,34.49432093857116],[-117.66001312585443,34.4946449381416],[-117.6600201246288,34.49494893906162],[-117.66002512555,34.49516093856018],[-117.6600331259459,34.495479938881786],[-117.66004212526843,34.49584093873454],[-117.66004312509335,34.495948938983524],[-117.66004512564149,34.496402938294494],[-117.66004512564149,34.4965299390536],[-117.66004812511622,34.49688593845958],[-117.66004812511622,34.496953939096585],[-117.66004812511622,34.49697093906208],[-117.66005912498686,34.497238938669796],[-117.660061125535,34.49727893827218],[-117.66006512573296,34.49735793868906],[-117.66007812525343,34.498213938687506],[-117.66007012575584,34.49842893862256],[-117.66006412590806,34.49863393900839],[-117.66005012566436,34.49897093911785],[-117.66006512573296,34.499241939524794],[-117.66007912507835,34.499594939383975],[-117.66009112567222,34.49991293884768],[-117.66009612569512,34.50001693902839],[-117.6601101259388,34.50039393979873],[-117.66011712561149,34.50056493911872],[-117.66010712556576,34.500884938921345],[-117.66011112576373,34.501333938669426],[-117.66011112576373,34.50136793977202],[-117.66011112576373,34.501490938985135],[-117.66011312631183,34.50162593919465],[-117.66011512506336,34.50229393960225],[-117.66011512596168,34.50280793976931],[-117.66011912615964,34.503432939583945],[-117.66011912615964,34.503638939644965],[-117.66012112580944,34.504008939403256],[-117.66012112580944,34.50421193987545],[-117.66012212563436,34.50422593945581],[-117.66012212563436,34.50429693893074],[-117.6601241261825,34.504492939304775],[-117.66012712655557,34.504581940051416],[-117.6601381255279,34.504781940242985],[-117.66014212572586,34.50562293932415],[-117.66014812647197,34.506047939864246],[-117.66017112693649,34.50744993999468],[-117.66019412560439,34.507754940203846],[-117.6602351265106,34.50790094008124],[-117.6603001268079,34.50803994060404],[-117.66031712652635,34.508109940449394],[-117.6603041270059,34.508441940353194],[-117.66031912617619,34.50889794061609],[-117.66031912617619,34.51042294027528],[-117.66035112596322,34.51138294015634],[-117.6603411268158,34.512229940923454],[-117.66033912716598,34.512428939756745],[-117.66034812738683,34.51315193990601],[-117.6603491263134,34.51324294106925],[-117.66033412624479,34.513289940533014],[-117.66018712683002,34.513592940802155],[-117.6601581265177,34.514673940166944],[-117.66015712669278,34.51476594115044],[-117.66014212662415,34.51499694131353],[-117.66012112670778,34.515333941143],[-117.66013212747676,34.515682940983595],[-117.66016212671565,34.51590594091797],[-117.66022312681503,34.516087940830346],[-117.66026112734819,34.51628394086074],[-117.66026612737103,34.516392940511935],[-117.66026612737103,34.516441941123546],[-117.66026712719595,34.516512941294025],[-117.6602201273403,34.51670294045172],[-117.66020112707373,34.51682594071941],[-117.66020612709657,34.5169449409019],[-117.66025312695227,34.51721394065686],[-117.66026612737103,34.51730494034433],[-117.66026712719595,34.51737394131813],[-117.66026412772123,34.51743894161459],[-117.660263126998,34.51763994052532],[-117.66026512754614,34.51788994093162],[-117.66025512660208,34.518188940911934],[-117.66023412668568,34.51836694118279],[-117.66022112716522,34.51862794188197],[-117.66021012729455,34.518834941344565],[-117.66016812746176,34.51908194127457],[-117.66016412726381,34.519289941777366],[-117.66015612686786,34.51938794178441],[-117.66018312753036,34.51951694145938],[-117.66020412744676,34.5196369414424],[-117.66022312771334,34.51977794151616],[-117.66023612723382,34.52004894162296],[-117.66023612723382,34.52011994167997],[-117.6602351274089,34.52058694168326],[-117.66022612808639,34.520876941507176],[-117.66021912751536,34.52118594111975],[-117.66020912746963,34.52165994124383],[-117.66020412744676,34.52175894134143],[-117.66019012810139,34.52183994133384],[-117.66017312838294,34.52197694171728],[-117.66017612695937,34.522352941676736],[-117.66019612705084,34.522687941541506],[-117.66018612790342,34.52314994170313],[-117.66019312757611,34.52347794204062],[-117.66019512722592,34.52355894184162],[-117.66019812759897,34.52395894168663],[-117.66022112806353,34.524300942447226],[-117.66023012828434,34.525107941856795],[-117.66021712786555,34.52532894197472],[-117.66023012828434,34.52578794193984],[-117.66023812778195,34.526016942150456],[-117.66023712795705,34.52603594258239],[-117.6602351274089,34.52605394240331],[-117.66022912845945,34.5263209418806],[-117.66022912845945,34.52676794178372],[-117.66023812778195,34.52686794232766],[-117.66023812778195,34.52689294244494],[-117.66023812778195,34.52765794240393],[-117.66024912855092,34.52776594212811],[-117.66027012846732,34.5279679426068],[-117.6602331277591,34.52820894231339],[-117.66016612871023,34.5286379417052],[-117.66019812849729,34.53716694303096],[-117.66019812849729,34.53719794289308],[-117.66019812849729,34.53721394379609],[-117.66023013008098,34.54223794427674],[-117.6602321288325,34.54241594420464],[-117.6602871299824,34.547874944465526],[-117.66030613024896,34.549768944908806],[-117.66034213023396,34.553341945479524],[-117.6603581310258,34.557852945594554],[-117.66000413012517,34.55778694628796],[-117.66000413012517,34.5578699449703],[-117.6600061306733,34.55804494556641],[-117.66147513128438,34.55803694600794],[-117.66500913235822,34.55801994592651],[-117.66647013167504,34.558012945108636],[-117.66704613143523,34.558012945108636],[-117.6669811320362,34.56060194542439],[-117.66678913241559,34.568369946732886],[-117.66677113287224,34.56911994585179],[-117.66672413301657,34.5709599464858],[-117.66671213242269,34.571460946670115],[-117.66668413373192,34.572604947007854],[-117.66667513261277,34.572966946990114],[-117.66666313291721,34.573468946212394],[-117.66668813303156,34.5747729475832],[-117.66669213322952,34.57508794694526],[-117.66671113259777,34.57514394715066],[-117.66678013309308,34.5753409464773],[-117.66687613335253,34.575533947508745],[-117.66696713358915,34.57580494731926],[-117.66705213397795,34.57604294680362],[-117.66708613341481,34.57616294666443],[-117.66709313398582,34.57634694724864],[-117.66706713314824,34.57650294742487],[-117.66705713400081,34.57662794661523],[-117.66704813378,34.57769894792598],[-117.66703213388645,34.57842994764787],[-117.6670271338636,34.57912494725492],[-117.66702013329258,34.579731947457375],[-117.66702013329258,34.57979994775957],[-117.66702013329258,34.5798109473247],[-117.66702013329258,34.57988294814007],[-117.66702013329258,34.580398947844124],[-117.6670141343431,34.58099194837252],[-117.6670211331175,34.58124094791312],[-117.66700313357416,34.58178294789826],[-117.66699913337618,34.581985948107324],[-117.66699713462468,34.582329947697474],[-117.66700113392432,34.582941948513785],[-117.66701013414516,34.58330094810151],[-117.66700913432024,34.58341794808733],[-117.66700813359702,34.58371394813784],[-117.66700313357416,34.58383394801788],[-117.66699513407654,34.58426594807423],[-117.66699813444957,34.58461994834657],[-117.6670071337721,34.58497894808139],[-117.66699713462468,34.585153947834826],[-117.66699613479976,34.58572394804778],[-117.66700013409941,34.5861739480231],[-117.66699213460178,34.58656094802015],[-117.66698813440384,34.58682294849319],[-117.66699013405368,34.587038948798266],[-117.66699613479976,34.587271948562886],[-117.66698513403081,34.58731694790576],[-117.66695813426662,34.58742194824977],[-117.66694413402291,34.587474947936364],[-117.66708013446537,34.58746294877773],[-117.66707513444247,34.588184948933815],[-117.6670701344196,34.588907948583575],[-117.66706313474693,34.58995894871181],[-117.6670561350742,34.59100894903115],[-117.66704713485339,34.59309094894753],[-117.66703913445747,34.59337794964478],[-117.66702813458681,34.59478994923396],[-117.667019134366,34.594862948682255],[-117.6669841351042,34.594879949365115],[-117.66697513488336,34.59489994938101],[-117.6669551356902,34.59561194932444],[-117.66695813516493,34.59580394936116],[-117.66697713543152,34.59722894958317],[-117.66697813525644,34.5973289497446],[-117.66698013490623,34.597483949239226],[-117.66698113473115,34.597522949743976],[-117.66710113528008,34.59785394972606],[-117.66723713482419,34.59827294980214],[-117.6672441353952,34.598628949760744],[-117.66723313552454,34.60054995034274],[-117.66716513575248,34.60119795046405],[-117.66714413583611,34.60185295005045],[-117.66712613539443,34.601937950713115],[-117.66707713588892,34.602163950042396],[-117.66696613556086,34.60337195000464],[-117.66696613556086,34.60416594990393],[-117.66694913584242,34.60520695046941],[-117.6669481360175,34.60532595070724],[-117.66694613546936,34.60643895076374],[-117.66695113639057,34.606862950804505],[-117.66695313604036,34.607063951099676],[-117.66695413586528,34.60714295085809],[-117.66696013571307,34.60758395056205],[-117.66696013571307,34.60853795071962],[-117.66693213612399,34.60938295130563],[-117.66692513555296,34.60956295089685],[-117.66692213607823,34.60966995115897],[-117.66693113629907,34.61071395172437],[-117.66693613632194,34.61198795072023],[-117.66695213621547,34.61316195140766],[-117.66695113639057,34.6133929512393],[-117.66695113639057,34.613527951102554],[-117.66695113639057,34.61358995155766],[-117.66695013656565,34.613766951504964],[-117.66694713619259,34.614515951699225],[-117.66694713619259,34.61456595173706],[-117.66694613636767,34.615033951252144],[-117.66694513654275,34.61527695210651],[-117.66694313689294,34.61595195165073],[-117.66695913768478,34.61683895251075],[-117.66696013661138,34.61691695232544],[-117.66696513663426,34.61717395116798],[-117.66697113738036,34.61819195172907],[-117.66697213720528,34.61839595191562],[-117.66697213720528,34.61904895214564],[-117.66697213720528,34.61926095202462],[-117.66697213720528,34.61969395213493],[-117.66696513663426,34.62055795255254],[-117.66696113643629,34.621049952734126],[-117.66696413680934,34.621496952195955],[-117.66696613735749,34.6217099526702],[-117.66697113738036,34.62229195266722],[-117.6669731379285,34.62246595271969],[-117.66698613744897,34.62376595245935],[-117.66698613744897,34.62379995307542],[-117.66698013670286,34.623994952752305],[-117.6669751375783,34.62416395284078],[-117.6669731379285,34.62418295229123],[-117.6669681370073,34.62434795282138],[-117.66696413770765,34.624471952304944],[-117.66695713803496,34.62471895203563],[-117.66695313783701,34.624850952963925],[-117.66695113728886,34.624919952710414],[-117.66694813781415,34.6250099527113],[-117.66694913763904,34.62505695261551],[-117.66694713709092,34.6259609532357],[-117.66694313779128,34.62668595324138],[-117.66694013831655,34.62733495278009],[-117.66693913849163,34.627576952975005],[-117.66693813776838,34.627757953151175],[-117.66693613811857,34.62788795269919],[-117.66693513829365,34.6316579537272],[-117.6669381386667,34.63189695292143],[-117.66697113827868,34.633545954089634],[-117.6669801376012,34.63401795393354],[-117.66696913862883,34.6343739536175],[-117.66695813875818,34.63439795389829],[-117.6668821376919,34.63459895403741],[-117.66686513797346,34.63464895380149],[-117.66678413868092,34.63474795320103],[-117.66681113844511,34.636355953846966],[-117.66677713900825,34.63809995416269],[-117.66677713900825,34.63829895420922],[-117.66677813883314,34.63854595342456],[-117.66677813883314,34.63879895479659],[-117.66677913865803,34.63917995427597],[-117.66677913865803,34.63969695362201],[-117.66678913870379,34.641378954293195],[-117.66682313903898,34.64239195452248],[-117.66683013871166,34.64261295485061],[-117.66695813965649,34.64283595447093],[-117.66711713876687,34.64300995504078],[-117.66712413933784,34.64301695461007],[-117.66695813965649,34.64397395446256],[-117.66688513896325,34.64735895567519],[-117.66694014101147,34.658045956567605],[-117.66695414125518,34.66082195640395],[-117.66701614117947,34.66386595711269],[-117.66696214075279,34.66482695732752],[-117.66696114092787,34.66508695748038],[-117.6669981416361,34.66522195745109],[-117.66708714132459,34.66549195747146],[-117.667140141028,34.66568595698669],[-117.66717014116524,34.6658599576203],[-117.66712814133246,34.66603395714961],[-117.66702214102723,34.666421956881706],[-117.66698814069204,34.66666495792707],[-117.66702614122521,34.66695295728523],[-117.66705514153753,34.66738195735893],[-117.66705814101226,34.66766095745475],[-117.66702814087502,34.66804195728336],[-117.66703814181908,34.6682059581013],[-117.66704314094363,34.66828395763755],[-117.66706514158327,34.66864395721667],[-117.66705914083715,34.66959495755043],[-117.66706314103513,34.6701179577174],[-117.66706314103513,34.670127957525985],[-117.66709414189556,34.674721957642056],[-117.66709414189556,34.674779957723906],[-117.66709914191846,34.67552495769831],[-117.66710814213927,34.67594495887989],[-117.66712114165976,34.676502958073236],[-117.66712114165976,34.67804095841489],[-117.66712114165976,34.678955958080245],[-117.66712114165976,34.67915495829663],[-117.66712214238301,34.68158095898398],[-117.66711414288537,34.68210295934743],[-117.66710814303758,34.682493959022096],[-117.66710514266455,34.68266095841485],[-117.66710714231438,34.68281895865386],[-117.6671161434335,34.683676959175564],[-117.6671161434335,34.68373395870926],[-117.66711814218503,34.68383395876842],[-117.66711214323556,34.686290959399045],[-117.66711114341066,34.686551959548815],[-117.66710814303758,34.68656995932507],[-117.66707014340277,34.686614959487194],[-117.66706114228363,34.68662495951988],[-117.66698714266379,34.6873049596486],[-117.66698314246581,34.68792795906204],[-117.66698914321192,34.68794196021499],[-117.66698514301395,34.68797495949391],[-117.66698614283887,34.68798695963133],[-117.66700814258019,34.68842095998536],[-117.66707414360071,34.68972495944047],[-117.66709714316693,34.690159960392975],[-117.6672461449265,34.70453396204686],[-117.6672751443405,34.707263962048806],[-117.667309145574,34.71055296199706],[-117.66733514461494,34.71303296233436],[-117.66712014542811,34.71585996280111],[-117.66721214638794,34.7195489631754],[-117.66721414513944,34.719601963359196],[-117.66721514496436,34.71975696322821],[-117.66722614573331,34.720873963486255],[-117.66721914606065,34.721406964092864],[-117.66724314635006,34.722054963420305],[-117.66723714560396,34.72271796298937],[-117.66725514604565,34.72356696375803],[-117.6672381463272,34.72425196371673],[-117.66726014606851,34.725124964077914],[-117.66726014606851,34.72519596387441],[-117.66726014606851,34.72521096357404],[-117.6672591462436,34.72539896386096],[-117.6672591462436,34.72541496394417],[-117.66725814641867,34.72548896327362],[-117.66725014692109,34.72892596410702],[-117.6672951462286,34.7313579644306],[-117.66728614690606,34.73278396476194],[-117.66728214670815,34.73334496411035],[-117.66728214670815,34.733411964410934],[-117.66728214670815,34.73346696447382],[-117.66728714762931,34.73392596526275],[-117.66726014696683,34.73428696462778],[-117.66725614676886,34.73433896464766],[-117.66724714744636,34.73446196459294],[-117.66722414698181,34.73536296518769],[-117.66722514770504,34.7359289647357],[-117.66722614752993,34.73607496459016],[-117.66722014678385,34.73664096442893],[-117.66723614667735,34.73727696503482],[-117.66719814704254,34.74074896592878],[-117.66720514761356,34.7417259658864],[-117.66719314791798,34.742507966034474],[-117.66719214809306,34.74372596539408],[-117.66716314778077,34.74463296648711],[-117.66717214800158,34.74534196592861],[-117.66717114817669,34.74739196608272],[-117.66717114817669,34.747436966374224],[-117.66717114817669,34.74894196642969],[-117.66717014835177,34.74901596683595],[-117.6671661481538,34.74932996646566],[-117.6671661481538,34.7493449662136],[-117.66716114813093,34.75000396632681],[-117.66716214795585,34.75007196652641],[-117.66717314872483,34.75149096643822],[-117.66717314872483,34.751776966374834],[-117.66717314872483,34.75179396661859],[-117.66717314872483,34.75247696639726],[-117.66717314872483,34.752774966942724],[-117.66717314872483,34.75319596651469],[-117.66717414944806,34.75406596718867],[-117.66718614914362,34.75548796728254],[-117.66719314971462,34.756393966853324],[-117.66719614829104,34.756696967495024],[-117.66716714977532,34.75949396809289],[-117.66717314962314,34.75981296775548],[-117.66717614909786,34.75997696750254],[-117.66717714892278,34.76001796757291],[-117.66722314985185,34.76183796715758],[-117.66722014947881,34.76304096832374],[-117.66721814893064,34.7637229681022],[-117.66721814893064,34.763805967409304],[-117.66721714910575,34.7645469680701],[-117.66722215002693,34.76520196813604],[-117.66721814982898,34.765813968185434],[-117.66721614928085,34.76615696824744],[-117.6672121499812,34.76683396851556],[-117.66720214993546,34.767277968211786],[-117.66720214993546,34.767327968300535],[-117.66719914956238,34.767378968271295],[-117.66727115043072,34.77027796936406],[-117.66739515027929,34.77447796870273],[-117.66740115102539,34.77465896952973],[-117.6675141510033,34.77845896992547],[-117.66751715137634,34.778582969611016],[-117.66773015181168,34.7857319704591],[-117.66786015150801,34.79072497088904],[-117.66785915168312,34.790742970855746],[-117.66785015236059,34.791254971213725],[-117.66782615207116,34.79279497155002],[-117.66781915150014,34.79330797130668],[-117.6677941522841,34.794841971234966],[-117.66772315213899,34.79944497192099],[-117.66769915364618,34.80097997224692],[-117.66768215302942,34.80207597205827],[-117.6676811532045,34.80214297264892],[-117.66767215298368,34.802610972822876],[-117.66766815278571,34.802830972150446],[-117.6676521528922,34.80536697240221],[-117.66766115401134,34.806490973392904],[-117.66764915341747,34.80805897234223],[-117.6674761540634,34.81427097396934],[-117.66737615450428,34.81864797361452],[-117.66735015456503,34.82006497495529],[-117.6673411543442,34.82056497455385],[-117.66730415453428,34.82253097421996],[-117.66825715476132,34.822539974787205],[-117.67401615613143,34.822594974463286],[-117.67758415664214,34.82262897378875],[-117.67762815612474,34.82262897378875],[-117.67787815726831,34.82263097374865],[-117.6781451563337,34.82263397368835],[-117.67817315682107,34.82263397368835],[-117.67821915685187,34.82263397368835],[-117.67831815658603,34.822634974405695],[-117.6785271559251,34.822636974365444],[-117.67872015626895,34.822638974325145],[-117.68072915665519,34.82265797393977],[-117.68114515658182,34.822661973120645],[-117.68156115740675,34.822665973776175],[-117.68157715730024,34.822665973776175],[-117.68614015787077,34.8227089736212],[-117.69072015905807,34.8227519734437],[-117.6965031598193,34.822806972978164],[-117.70228616058057,34.822860972498766],[-117.70272816044641,34.82286497240723],[-117.70317016121064,34.822868972315526],[-117.70473416135793,34.82288397196973],[-117.7062641611701,34.82289897235872],[-117.70629816150526,34.82289897235872],[-117.70639416086642,34.822898971621264],[-117.70647516105727,34.822898971621264],[-117.70655116122528,34.822898971621264],[-117.70660216127888,34.822898971621264],[-117.70663016086796,34.8228999723354],[-117.70665416115742,34.8228999723354],[-117.70729916141288,34.822900972312056],[-117.70830016221882,34.822901972288705],[-117.70976216225888,34.82290397224192],[-117.71122416229896,34.82290597219514],[-117.71122316247404,34.82297297133699],[-117.71127616217747,34.82297297133699],[-117.71201216177123,34.82297997190463],[-117.7143531624185,34.82300497203058],[-117.7149011625896,34.8230099719074],[-117.7175051639009,34.82303797121188],[-117.72063616367028,34.823069971880166],[-117.7209201642507,34.82307297106648],[-117.72098316399988,34.82307297106648],[-117.72442216463917,34.82310897161784],[-117.72648716510189,34.82312997033438],[-117.726887165135,34.82313397096725],[-117.72799216479966,34.823145971389714],[-117.72982916565677,34.82316397091393],[-117.73174516525827,34.823183971118134],[-117.73551416650874,34.82322297080183],[-117.73648116697946,34.823231970556016],[-117.73873716723794,34.82325597063319],[-117.74255216762083,34.823261970467],[-117.7444641679227,34.823264970383775],[-117.7466331681425,34.82326397041153],[-117.74655316777657,34.82323897036419],[-117.74736816791133,34.82322996987326],[-117.74761316903204,34.82323096984591],[-117.74883516887257,34.82323796965417],[-117.74900616857683,34.82323596970902],[-117.74925716864699,34.82323396976381],[-117.74996116845368,34.82323396976381],[-117.75122216955062,34.82325296924124],[-117.75160516896693,34.82324596943426],[-117.7519051694409,34.82325396921357],[-117.75311316993607,34.823245968696796],[-117.7543481692971,34.82326496964632],[-117.75454916913857,34.82326396967407],[-117.75716216977239,34.82328396985405],[-117.75747516976683,34.82328396985405],[-117.76317617141062,34.82329296886412],[-117.76906017245423,34.823304967788516],[-117.7743801725349,34.82330596776026],[-117.77494517332273,34.823306967731995],[-117.78091817405478,34.82326096828241],[-117.78694017519064,34.823212967386574],[-117.79295517665382,34.823167966383004],[-117.79892017698994,34.82314096709647],[-117.8014501777831,34.823128965935865],[-117.801563177761,34.823128965935865],[-117.80489417844521,34.82311396632622],[-117.81092417907865,34.82308396636132],[-117.81685718052609,34.82303696533734],[-117.81717518054337,34.823033965412264],[-117.82283118108305,34.82298596512153],[-117.82379218170598,34.82297896529191],[-117.82791218168742,34.822948965277845],[-117.82891818251623,34.82294196470757],[-117.83485918346122,34.8228979642701],[-117.83817818444987,34.82287396482606],[-117.84076718389593,34.82285596376356],[-117.84461418496419,34.82282396374953],[-117.84575718516206,34.82281496395076],[-117.84675718524474,34.822806964128816],[-117.85271518590818,34.822758962968344],[-117.854678187162,34.82274196333422],[-117.85620318695128,34.82275196311944],[-117.85643018673197,34.82272996359034],[-117.85663018764683,34.82269196365241],[-117.85869618793448,34.822709963275905],[-117.86444218798748,34.822661962058895],[-117.87039118932842,34.82261296230875],[-117.87272119010503,34.822592961965896],[-117.87335118939357,34.82258796206376],[-117.8763731902813,34.82256296181118],[-117.8811441912643,34.822521961852544],[-117.88225719132491,34.82252296183379],[-117.88826319256721,34.822524961058804],[-117.89005119302053,34.82252396107757],[-117.89427719330715,34.822525960302556],[-117.89895919370336,34.822525960302556],[-117.90013319476166,34.82252796026495],[-117.90601319470898,34.8225379608136],[-117.91191419636934,34.82254795988613],[-117.91675919697217,34.82255495975243],[-117.91777319729854,34.82255695971407],[-117.92369019885243,34.822565958803615],[-117.9296631995845,34.822574959367046],[-117.935548200453,34.82258295847412],[-117.94146420218196,34.822590958317825],[-117.94734820232723,34.822597958180424],[-117.95255920352628,34.82260395732476],[-117.95319220318784,34.82260495730501],[-117.95917420414072,34.822612957146575],[-117.9612402044284,34.82261495710686],[-117.96311620474525,34.82261695706709],[-117.96335920531783,34.82261695706709],[-117.96372520501569,34.82261795704719],[-117.96458920555428,34.822634956706914],[-117.9648942051528,34.82263695740412],[-117.96676420562189,34.822619957007355],[-117.97014120633685,34.82262295621005],[-117.97064920632499,34.82262395619007],[-117.9714612060867,34.82262395619007],[-117.97156820621684,34.82262495617003],[-117.97168120619472,34.82262495617003],[-117.97220520607637,34.82262495617003],[-117.97244520717419,34.82262495617003],[-117.97263320659687,34.82262495617003],[-117.97344020723406,34.82262495617003],[-117.97358320734918,34.822625956150034],[-117.97372020761652,34.822625956150034],[-117.97394920704707,34.822625956150034],[-117.97412820714719,34.822625956150034],[-117.97429320700364,34.822625956150034],[-117.97572320725668,34.822625956150034],[-117.97634720759574,34.82262695613002],[-117.97710520782908,34.82263195602979],[-117.97872820842596,34.822642955808156],[-117.97897320775004,34.822644955767714],[-117.97919120820823,34.8226369559292],[-117.97932920830048,34.82263195602979],[-117.97945120849923,34.82262795611],[-117.97957320779966,34.82262795611],[-117.9807232076702,34.82262795537254],[-117.98084120767096,34.82262795537254],[-117.98093120808265,34.82262795537254],[-117.98135220803213,34.82262795537254],[-117.98158120746268,34.822628955352506],[-117.98181820818746,34.822628955352506],[-117.98340220842626,34.822628955352506],[-117.986684209605,34.82262995533247],[-117.98769020953549,34.82262995533247],[-117.98852720941157,34.82261795557227],[-117.99218421050902,34.82256595511636],[-117.99265021066435,34.82255895525105],[-117.9966752102112,34.822501955588],[-117.9985182109161,34.822475954590054],[-118.00116721153495,34.82243795453499],[-118.00149621142289,34.82243395460577],[-118.00441821185323,34.822391953862635],[-118.00565821213543,34.82237295418659],[-118.00608921302899,34.82236795353369],[-118.00645421200365,34.82236495432171],[-118.00679121228754,34.82236095438896],[-118.00731121286952,34.822354953752054],[-118.0098582124828,34.822324954248174],[-118.01013121229428,34.82232195429717],[-118.01029421339922,34.822320954313476],[-118.01226621307721,34.82229695396385],[-118.01318321331925,34.8222869541234],[-118.01460321352653,34.82226995439181],[-118.01907421493387,34.82221895370113],[-118.01930221453948,34.822216952993834],[-118.01951121387854,34.82221395303889],[-118.02294521449492,34.82217495287745],[-118.02341821522126,34.82216795371637],[-118.02354621526777,34.82216695373081],[-118.02485821552001,34.82214295333631],[-118.02508421547583,34.8221489532512],[-118.02541121571399,34.822164953022174],[-118.02801921542662,34.82211495225271],[-118.03249221738207,34.82206395294096],[-118.03339621630701,34.822053953072206],[-118.03513821672956,34.82203395259362],[-118.04143821859807,34.82196195201037],[-118.04227121827621,34.82195695280739],[-118.05056121936607,34.821909951877785],[-118.05933122175327,34.821751951301835],[-118.061389221645,34.8217209515873],[-118.06827522242114,34.8216469500093],[-118.07523322406558,34.821599950377696],[-118.07722322418526,34.821541950057856],[-118.08616922540125,34.82143494924621],[-118.08969622680237,34.8213869494986],[-118.09531522663379,34.82132394904999],[-118.09903422855385,34.821292949174385],[-118.10003022843858,34.821272949248495],[-118.10426522804774,34.82122794865997],[-118.11321223088525,34.821113948189804],[-118.11447123053574,34.82111794818306],[-118.11447723038353,34.82104194753985],[-118.11992023138616,34.82103094754768],[-118.12287823180148,34.821024946813885],[-118.12584623226255,34.82101794755504],[-118.12642823276882,34.8209639468262],[-118.12759923255575,34.820971946827136],[-118.12783523255729,34.820974946827306],[-118.12791423309832,34.820974946827306],[-118.12803223309909,34.82096594682646],[-118.12809423302339,34.820964946826365],[-118.13085923309485,34.82094294681994],[-118.13084223337641,34.82073794647807],[-118.13118223313504,34.82073894648098],[-118.1329522331467,34.82074394649535],[-118.13570023439804,34.82078194659448],[-118.13812223433783,34.820788945873325],[-118.14008623541656,34.82078494660158],[-118.14135323546296,34.82078294659685],[-118.14159523441398,34.82078194659448],[-118.14464823616215,34.82078694660619],[-118.14511723579224,34.820787946608505],[-118.14851023640072,34.820792945144944],[-118.14898223550551,34.82078294585938],[-118.14902123586357,34.820781945857],[-118.1522402363948,34.82070994565433],[-118.15341123708005,34.82068294556209],[-118.15468123749949,34.82068694557633],[-118.15480923754602,34.820687945579856],[-118.15483023746242,34.820687945579856],[-118.15486423779761,34.820687945579856],[-118.15487723731808,34.820687945579856],[-118.1556382370262,34.82068994558688],[-118.15566723733848,34.82068994558688],[-118.155828236997,34.82069094485289],[-118.15609123766104,34.82069194485638],[-118.15610523700643,34.82069194485638],[-118.15675623800799,34.8206939448633],[-118.15808023795579,34.82067294478821],[-118.15894423849437,34.82065894473521],[-118.1598812388279,34.82064394541323],[-118.15992623813543,34.82064294467175],[-118.16018223822844,34.82063994465948],[-118.16236923888992,34.82061894457068],[-118.16243523901215,34.820617944566315],[-118.16475523884472,34.82059694447191],[-118.16679223882005,34.82057294509487],[-118.16690623862286,34.82057194508994],[-118.16715923924119,34.820567945070174],[-118.16847723934117,34.82054994497861],[-118.16872323938848,34.82054694422553],[-118.16886123948073,34.820544944215044],[-118.16922723917865,34.820539944188596],[-118.16927423993263,34.82053894418327],[-118.1693512399255,34.82053694417263],[-118.17002024047042,34.82052094408543],[-118.17023423983235,34.82051794406871],[-118.17024923990097,34.82051794406871],[-118.17061023957599,34.82051394478375],[-118.17065223940878,34.82051394478375],[-118.17158324079283,34.820503943989365],[-118.17172524018473,34.82050194397788],[-118.17309623998823,34.82048694388985],[-118.17312524030052,34.82048694388985],[-118.17563924120014,34.82047494455494],[-118.17588324069932,34.820470944530406],[-118.17994524185272,34.820420943470076],[-118.17998224166264,34.82041994346331],[-118.18476724288934,34.82039394402059],[-118.18478424260779,34.82039394402059],[-118.18738824302076,34.820345942928896],[-118.18846924329432,34.8203389436124],[-118.19181124295088,34.820285942446795],[-118.1919032439107,34.82028394243002],[-118.19283924441932,34.82027494309116],[-118.19382624408324,34.82026594301389],[-118.19816924454574,34.820226942667595],[-118.20245124580715,34.820181942982614],[-118.20250124513755,34.82018094297294],[-118.20411924571157,34.82016394280671],[-118.20466324568469,34.82016394280671],[-118.20551624635262,34.82016394280671],[-118.20553424589596,34.82016394280671],[-118.20624824574841,34.82016394280671],[-118.20626124526888,34.82016394280671],[-118.20688524560795,34.82016394280671],[-118.2081612467735,34.82016494134168],[-118.20912124667322,34.820166941361336],[-118.20995324652644,34.82016794137118],[-118.21021424664235,34.82016794137118],[-118.21129324636777,34.82016394206922],[-118.21134324659648,34.82016394206922],[-118.21241024662636,34.82015994202964],[-118.21477624738797,34.82014994119228],[-118.21543724753694,34.82014894118221],[-118.21914824816277,34.82014394186921],[-118.21980524811381,34.820142941859075],[-118.22002824769655,34.820142941859075],[-118.22006024838191,34.820142941859075],[-118.22413024903295,34.82015094120232],[-118.22453324854077,34.82015094120232],[-118.22458124911964,34.82015094120232],[-118.22666824932371,34.82015594125233],[-118.22671424935446,34.82015594125233],[-118.228420249792,34.820159941292154],[-118.22867525006015,34.820160941302085],[-118.22878125036534,34.820160941302085],[-118.22881825017527,34.820160941302085],[-118.22892524940708,34.820160941302085],[-118.23275925095484,34.82012494093722],[-118.23290525054472,34.820123940926855],[-118.23318425020398,34.820121940906084],[-118.23355925102103,34.820117940864414],[-118.23768225137549,34.82015094046484],[-118.23772925123117,34.82015094046484],[-118.24130625196267,34.82012893950359],[-118.24209525215818,34.820127939493275],[-118.24217125232616,34.820127939493275],[-118.2447702527163,34.82012494019973],[-118.24603625293778,34.820123940189376],[-118.2465372523549,34.820122940179],[-118.24656725339042,34.820122940179],[-118.24662025309388,34.820122940179],[-118.24979025322129,34.82011893939994],[-118.25001225297915,34.82011893939994],[-118.25090125273377,34.820109939305624],[-118.25104525357214,34.82010793928451],[-118.2511822538395,34.82010793928451],[-118.25225125351916,34.82010693927395],[-118.25284925302064,34.820105939263364],[-118.25334225383847,34.820104939990244],[-118.25395825467992,34.820103939979646],[-118.25464225349681,34.820102939231546],[-118.25528825357719,34.820104939990244],[-118.25533725398098,34.820104939990244],[-118.25747625406356,34.82011093857868],[-118.25965625415404,34.820105938525884],[-118.2596802544435,34.820105938525884],[-118.26029525546006,34.82010993856814],[-118.26144025530772,34.82012393945189],[-118.26405125539341,34.82010793854703],[-118.26433025595097,34.82010693853646],[-118.26435725571514,34.82010693853646],[-118.26446225619544,34.820105938525884],[-118.26456825560234,34.820104939252765],[-118.26718725608396,34.82008593904927],[-118.26846125670137,34.820100938472834],[-118.26851725677787,34.820101938483425],[-118.2693842567912,34.82011193785171],[-118.27217725645174,34.8201059377884],[-118.27286625708814,34.82010393850468],[-118.272911257294,34.82010393850468],[-118.27440025709822,34.820100938472834],[-118.27532325718805,34.820098938451515],[-118.27534825820071,34.820098938451515],[-118.27848325816802,34.820114937883204],[-118.27903525853708,34.82011393787272],[-118.28108625785781,34.8201109371037],[-118.28155025926164,34.8201109371037],[-118.28168125878285,34.82010993709317],[-118.281817258327,34.82010993709317],[-118.28223325915192,34.82010893708263],[-118.28431325878496,34.82010293775663],[-118.2861182589567,34.82010093773536],[-118.28643925934705,34.8200999377247],[-118.2867092596838,34.8200999377247],[-118.28677725945589,34.8200999377247],[-118.28871625952189,34.820096936955174],[-118.2904682599902,34.820107937072066],[-118.29050826017316,34.820107937072066],[-118.2906152603033,34.82010893708263],[-118.29413626006,34.82010993635569],[-118.29445326115074,34.82010593631348],[-118.29509526103315,34.82009893697655],[-118.29634526136111,34.82008593683682],[-118.29653226095886,34.82008393681513],[-118.29663726143916,34.82008293680427],[-118.2992722618143,34.82008693611016],[-118.29932326096959,34.82008693611016],[-118.30167626221073,34.82009093615334],[-118.30392726244632,34.82007893676076],[-118.30393826231698,34.82007893676076],[-118.30399526221838,34.82007893676076],[-118.30415526295026,34.82007793601234],[-118.30416626282091,34.82007793601234],[-118.30709426309903,34.82006693589145],[-118.307712262692,34.82006993592458],[-118.30853126302473,34.8200679359025],[-118.30866726256885,34.8200679359025],[-118.30870926329996,34.82006693589145],[-118.3088672634837,34.820062936584584],[-118.31023226343939,34.8200309354855],[-118.31088126389282,34.82001293601408],[-118.31252026438321,34.81998493641882],[-118.31295926387604,34.81996893622445],[-118.31300126370883,34.81996793621219],[-118.3131452645472,34.81996293615071],[-118.31335626443438,34.81995593532671],[-118.31740626409562,34.81988793593001],[-118.31746926474312,34.81988693591678],[-118.32175126510626,34.819815934945936],[-118.32181626540357,34.819814934931806],[-118.32185226538857,34.81981393491768],[-118.32211726570246,34.8198099355986],[-118.32230326547527,34.819806935556],[-118.32231626499576,34.819806935556],[-118.32451526625111,34.81976993502176],[-118.32629326576037,34.819730935178136],[-118.3263172660498,34.81972993516299],[-118.32689226688339,34.81971793424283],[-118.32985226694852,34.819656935499744],[-118.33225826699481,34.81961193476583],[-118.33505726740148,34.819552934503896],[-118.33527126766171,34.81954993445194],[-118.33697026752826,34.819527934067665],[-118.33699826711734,34.819527934067665],[-118.34242426840154,34.8194349338532],[-118.34345826881942,34.81942693370299],[-118.34347326888805,34.81942893374063],[-118.34359526908679,34.81942893374063],[-118.34377426918694,34.81942793372182],[-118.34400426844238,34.81942693370299],[-118.35719227163516,34.819361933191054],[-118.35734727144585,34.819361933191054],[-118.3574842717132,34.819356933092855],[-118.3600672722098,34.81935093297455],[-118.36154827251644,34.81933993275657],[-118.36155927148879,34.81933993275657],[-118.36319827197917,34.819327932517105],[-118.36583427307754,34.81931193219506],[-118.365959272751,34.81931093217483],[-118.36666427238261,34.81930693209382],[-118.3697822726315,34.819288931726724],[-118.37028727314487,34.819287931706214],[-118.37029927373877,34.819287931706214],[-118.37235427325744,34.81928293234101],[-118.37500127422648,34.8192719321139],[-118.37558427455762,34.81926993133501],[-118.37753327466943,34.81926193190621],[-118.37914327484752,34.819255931781036],[-118.37931327562514,34.819255931781036],[-118.37994727511163,34.81925293171826],[-118.38119027486859,34.81924593230885],[-118.38138627468716,34.819244932287816],[-118.38317727551352,34.819234931339416],[-118.38356527585103,34.81923293129706],[-118.3874272769879,34.819209930806664],[-118.38791427705964,34.819206931479705],[-118.3879632765651,34.819206931479705],[-118.39134827677769,34.81918393098206],[-118.39234627721059,34.81917493078552],[-118.39559227750601,34.819146930905426],[-118.39605527728826,34.81914293081647],[-118.39664527819045,34.81913693068257],[-118.39665727788604,34.81913693068257],[-118.39672827803115,34.81913593066022],[-118.4054462796415,34.81899792967143],[-118.40549627897188,34.81899692964739],[-118.40920928014587,34.81893792968247],[-118.40944227977434,34.818933930320796],[-118.41395728066429,34.81886292926601],[-118.4139932806493,34.81886192924038],[-118.41407628048998,34.81886192924038],[-118.41571128078239,34.818847929617014],[-118.41735828166873,34.81883292996529],[-118.41862828208819,34.81882192894071],[-118.42045228162816,34.818805929257884],[-118.42137428189307,34.818812929442124],[-118.42199828223214,34.81879292965159],[-118.42276628161294,34.81879492970457],[-118.42284128285431,34.81879492896713],[-118.42383828166567,34.81879792904653],[-118.42571628253067,34.81878392867491],[-118.4264582828705,34.81877792925236],[-118.42686828294931,34.81877392914542],[-118.42721628220555,34.818770929065096],[-118.42865328392789,34.818755928661915],[-118.43023528272028,34.81874692841863],[-118.43157628418311,34.81874092825595],[-118.43162128349066,34.81874092825595],[-118.43185328329423,34.81875192855391],[-118.43205028293774,34.81875992876967],[-118.43207128375245,34.8187609280591],[-118.43218228408054,34.81876792824721],[-118.43250228374767,34.81878892880789],[-118.43355728408196,34.81876892827404],[-118.43619128463217,34.81871992842047],[-118.44026528458285,34.818656928144556],[-118.44058028512542,34.818592927791514],[-118.44066828498897,34.818588927675584],[-118.44084028541641,34.81858192820981],[-118.44240228591391,34.81851592773874],[-118.44241728598256,34.81851492770884],[-118.44346028572295,34.81853092744818],[-118.4434932862332,34.81853092744818],[-118.44359028631759,34.81852692732925],[-118.44369928519924,34.81852392797742],[-118.443716285816,34.81852292794761],[-118.44375528527573,34.81852192791781],[-118.44576528548687,34.81845792745988],[-118.4457792857306,34.81845692742928],[-118.44579728527393,34.81845692742928],[-118.44581828519033,34.81845592739867],[-118.44641728631335,34.81843692755233],[-118.44682928694033,34.81842392788781],[-118.44684528593554,34.81842292785679],[-118.44914628639984,34.81845992752105],[-118.44932128720032,34.81845392733746],[-118.45359028714466,34.81831192655178],[-118.45378628786156,34.81831392661648],[-118.45584328703006,34.81833692661955],[-118.4559372876397,34.81833892668365],[-118.45605428781558,34.818341926779716],[-118.4564222880616,34.81835092632969],[-118.45693428734936,34.81836392748074],[-118.4570202875631,34.818365927544185],[-118.4570762876396,34.81836692757588],[-118.4571392882871,34.81836892763926],[-118.45781728815452,34.81838692746984],[-118.45809728853702,34.81839392695223],[-118.45812228775304,34.81839392695223],[-118.45871728777979,34.81838692746984],[-118.45917628736412,34.818380927280934],[-118.45979028855577,34.818376926417216],[-118.46055328881198,34.81837092622758],[-118.46119828906747,34.81836692683839],[-118.46136628839862,34.818365926806685],[-118.4615342886281,34.81836492677496],[-118.46183728857683,34.81836392674324],[-118.46190328869908,34.818361926679785],[-118.46195528857758,34.81836392674324],[-118.46202728854762,34.81836292671149],[-118.46205328848689,34.818360926648026],[-118.4624832886572,34.818356926520835],[-118.46299828831803,34.81835292639346],[-118.4639342888266,34.8182979260975],[-118.46464428937941,34.818290926607006],[-118.46502128984625,34.81828392637835],[-118.46540528908751,34.81827692614916],[-118.46610928979251,34.818273926050736],[-118.46656429007719,34.818274926083554],[-118.46680928940125,34.818275926116364],[-118.4668542896071,34.818274926083554],[-118.46691128950852,34.818273926050736],[-118.46700528921983,34.81827792618195],[-118.46703628918198,34.81827792618195],[-118.4672692888105,34.81828192631292],[-118.46837429027178,34.81826592652527],[-118.47049128971476,34.81825592619541],[-118.47110229053335,34.818252926833715],[-118.47218428973352,34.818246925897554],[-118.47416429070574,34.81819992580103],[-118.47509429046825,34.81819292630215],[-118.47526629089572,34.818191926268334],[-118.47559529078366,34.81819392633596],[-118.47562929111886,34.81819392633596],[-118.47566329055574,34.81819392633596],[-118.47618029076467,34.8181969256998],[-118.47686129190349,34.81818592606523],[-118.47734929180012,34.818179925861635],[-118.47761429121567,34.81816292528245],[-118.47784729084417,34.81815592504298],[-118.47795029167465,34.818163925316625],[-118.47953229226363,34.81812192534621],[-118.480579292202,34.81809392584571],[-118.48452529300447,34.81798992508913],[-118.48960129268765,34.817854925244355],[-118.49244229382542,34.81786992433665],[-118.4925522934303,34.817870924374375],[-118.49262529322522,34.817870924374375],[-118.49310629434746,34.81787292444979],[-118.50228929538991,34.817902924100096],[-118.51089929704523,34.81795092366531],[-118.51093729668008,34.81795092366531],[-118.51666829756282,34.81798292335995],[-118.51905229786777,34.81799492379535],[-118.5190762981572,34.81799592383157],[-118.51911429779204,34.81799592383157],[-118.51926929850106,34.81799692386776],[-118.51929929773998,34.81799692386776],[-118.51953829811457,34.81799892394011],[-118.52788029908297,34.81812592253486],[-118.52798129936532,34.818129922673265],[-118.52838530049469,34.818134922845935],[-118.5342503012717,34.818262922001495],[-118.53426130024404,34.818263922771955],[-118.53653830041887,34.8183129221592],[-118.53692430110655,34.81832992270742],[-118.53696230163972,34.8183319220342],[-118.53699930144964,34.81833392209842],[-118.53741230190151,34.81833392209842],[-118.5378763015087,34.81833392209842],[-118.53889330130983,34.81833292206631],[-118.54110230171261,34.818321921712396],[-118.54139830198864,34.818321921712396],[-118.54168530204382,34.8183489225785],[-118.5423113020327,34.81836892247682],[-118.54297630148133,34.81837292186593],[-118.54380930295608,34.8183989219465],[-118.54423130273048,34.818400922009104],[-118.54533930276821,34.81841892183274],[-118.5461683031467,34.818412921646114],[-118.54621630282728,34.818412921646114],[-118.54630330286592,34.8184109215838],[-118.5463873025315,34.81840892225895],[-118.54672930283829,34.8183989219465],[-118.54693330215447,34.81840392210291],[-118.54699030295419,34.818405922165375],[-118.54728230303223,34.81843592162159],[-118.54764430253215,34.818429921436206],[-118.54811830308341,34.81840492213415],[-118.54828130239171,34.81840192130288],[-118.54933730344925,34.81838492150701],[-118.54949130343502,34.81838692156995],[-118.55105530358234,34.81840192130288],[-118.55168430394426,34.8184009212716],[-118.55239230394892,34.818398921209],[-118.55384230429341,34.81839792117774],[-118.55444730436594,34.81838492150701],[-118.55457830388715,34.81838292144408],[-118.55466730447398,34.81838092138105],[-118.55523930493446,34.81836892173937],[-118.55575530442019,34.81836492161258],[-118.5569373040778,34.81835692062095],[-118.5572053047647,34.81835492055729],[-118.55833430471885,34.81834992113541],[-118.5585083047961,34.8183489211035],[-118.5586203049491,34.81834792107158],[-118.5587123041123,34.81834792107158],[-118.55880130469907,34.81834692103964],[-118.558874304494,34.81834692103964],[-118.55890530535444,34.81834692103964],[-118.5589373051415,34.81834692103964],[-118.55897530477634,34.81834692103964],[-118.55901730460914,34.8183459210077],[-118.55905230476924,34.8183459210077],[-118.55908730492932,34.81834292091183],[-118.55912230419112,34.818339920815795],[-118.55917730534104,34.81832692113598],[-118.55919830525744,34.818321920974896],[-118.5592253050216,34.81831592078126],[-118.55925830463357,34.81830792125982],[-118.55941630481732,34.81830792125982],[-118.55958630559495,34.818296920902576],[-118.55967930548134,34.818287921346695],[-118.5597033048725,34.81828592128136],[-118.55979730548214,34.818276920249275],[-118.55984730481254,34.81827192156016],[-118.5599723053843,34.8182609204606],[-118.5599863047297,34.81825992042761],[-118.56014430491345,34.818244920668825],[-118.56018330527151,34.81824092053601],[-118.5603113044197,34.81822892087394],[-118.56034230528019,34.81822592077377],[-118.56047230497653,34.81821392110952],[-118.56052730432977,34.818208920941586],[-118.56055830519026,34.81820592084073],[-118.56058530495442,34.81820392077339],[-118.56069130525962,34.81819392117351],[-118.560788305344,34.81818492086887],[-118.56089030545125,34.818174921266746],[-118.56094430497961,34.818169921096434],[-118.56097730459159,34.81816692099417],[-118.56104530526194,34.818160920789175],[-118.56106330570363,34.818158920720755],[-118.56111230520911,34.81815492132126],[-118.56117930515627,34.818148921115466],[-118.56124930457814,34.818141920874744],[-118.56128030543859,34.81813892077146],[-118.5613153055987,34.818135921405506],[-118.56234730546846,34.81807292068291],[-118.5631303058162,34.81802992063037],[-118.56314130478852,34.81802992063037],[-118.56341130512527,34.81802992063037],[-118.56349730533898,34.81802992063037],[-118.56366430574356,34.81802992063037],[-118.56395030597383,34.81802992063037],[-118.5641443061426,34.81802992063037],[-118.56540830581595,34.81802992063037],[-118.5654893060068,34.81802992063037],[-118.5675093062637,34.81812292021848],[-118.56963530592749,34.818253919491966],[-118.5697263070624,34.81825992042761],[-118.57189130708423,34.81802991989287],[-118.5719943070164,34.81802991989287],[-118.5726333074241,34.81802991989287],[-118.57278730740988,34.81802991989287],[-118.57299230655097,34.81802991989287],[-118.5731273071685,34.81802991989287],[-118.57326730691057,34.81802991989287],[-118.5733513074745,34.81802991989287],[-118.57740530823197,34.81802891985707],[-118.57917030822077,34.81802691978545],[-118.57964130839893,34.81802691978545],[-118.58069930820798,34.81802891985707],[-118.5812653088207,34.81802891985707],[-118.58151930836564,34.81802891985707],[-118.58206330833873,34.81802891911958],[-118.58562330935185,34.81802891911958],[-118.58702630984068,34.81802891911958],[-118.58746030931063,34.818026919047945],[-118.58760330942575,34.818026919047945],[-118.58781230966314,34.818025919012115],[-118.58783830960239,34.818025919012115],[-118.58786330971677,34.818025919012115],[-118.5902463092985,34.81805491930872],[-118.59035331032692,34.818055919344204],[-118.59776131133488,34.81814591879993],[-118.59826831149807,34.81815191900594],[-118.59873131128035,34.81815791847408],[-118.59884731073299,34.8181589185083],[-118.59894431081736,34.818159918542534],[-118.59896931093171,34.818159918542534],[-118.59906931138916,34.8181589185083],[-118.59913331186156,34.8181589185083],[-118.59928331164939,34.81815791847408],[-118.59990031141746,34.818155917668086],[-118.60115631159321,34.81815091823418],[-118.60128631128954,34.81815091823418],[-118.60336331234616,34.81814291795922],[-118.60343431249127,34.81814291795922],[-118.60561931260462,34.81813491842104],[-118.60576031306991,34.81813591845555],[-118.60794231281021,34.818155917668086],[-118.60956431358217,34.81816991814649],[-118.60963831320198,34.81817091818057],[-118.60971131299694,34.818171918214645],[-118.61616931415088,34.818228917924],[-118.61631131444113,34.818229917957375],[-118.6163323143575,34.818229917957375],[-118.62100731508103,34.81827191787272],[-118.62160031545797,34.8182799173976],[-118.62266531493967,34.818292916347396],[-118.62341131547747,34.81828591685641],[-118.62501531580777,34.81827091710236],[-118.6252013155806,34.81826291683911],[-118.62548131596309,34.8182439169482],[-118.6256003166871,34.818235916682326],[-118.62566931628405,34.81823191728657],[-118.6257003153479,34.81822991721987],[-118.62579731543227,34.81822291698609],[-118.62617431589912,34.81819791688372],[-118.62655531656395,34.81818991735082],[-118.62725631689592,34.81817391754525],[-118.62727631608911,34.81817391754525],[-118.6291143158728,34.818172916773705],[-118.63462131734784,34.81816991667154],[-118.63600231719704,34.81818091630825],[-118.63935231814786,34.81816891589994],[-118.63939731835369,34.81816891589994],[-118.63941531789703,34.81816891589994],[-118.63946231865103,34.81816891589994],[-118.64197231845436,34.81816091562679],[-118.64328631925476,34.8181819156047],[-118.64335531885173,34.818182915638644],[-118.64342731882174,34.81818391567256],[-118.64576431927104,34.818221915477636],[-118.64584831893663,34.818220915444165],[-118.64661031936797,34.818212915913556],[-118.64740531941126,34.81819691537496],[-118.6492803199032,34.81820091550991],[-118.65055831982026,34.81819291597731],[-118.65487332159196,34.81819491456991],[-118.6557563206005,34.818182914901136],[-118.66089832220257,34.81817891476536],[-118.66089732237765,34.81812891526378],[-118.68049032522428,34.81813491399609],[-118.68122632481806,34.818126913719624],[-118.6812453250846,34.818126913719624],[-118.68126732482592,34.818126913719624],[-118.68130232498604,34.818126913719624],[-118.68138732537486,34.818126913719624],[-118.68183332543867,34.81812591368501],[-118.68214932580617,34.81812491365039],[-118.68218632561609,34.81812491365039],[-118.68222932527381,34.818123913615736],[-118.68224432534241,34.818123913615736],[-118.68232432570836,34.818123913615736],[-118.68238832528245,34.81813291392704],[-118.68241232467358,34.818123913615736],[-118.68278032581793,34.81812291358108],[-118.68314732534074,34.81812191354641],[-118.68615132668512,34.81811291323391],[-118.68885332610911,34.81810591299014],[-118.68915032621003,34.81810491295526],[-118.6895423267455,34.818103912920435],[-118.69076532641095,34.81809991278077],[-118.69087932621377,34.81809991278077],[-118.69098632724221,34.81809691341339],[-118.69099832693779,34.81808991316826],[-118.69177832691246,34.81809791271086],[-118.69257232713085,34.818095913378414],[-118.69271432652276,34.81809491334341],[-118.69285532698805,34.81809491334341],[-118.69425232673079,34.81807891204445],[-118.69565032809507,34.81806291221732],[-118.6965953279262,34.818051912564805],[-118.69751932784092,34.818040912173366],[-118.69754032775732,34.818040912173366],[-118.69764232786456,34.8180399121377],[-118.69769832794107,34.81803891210208],[-118.69871232826749,34.81802691241054],[-118.69972732841879,34.8180149127173],[-118.69974232848743,34.81800591239311],[-118.69975132780992,34.8180149127173],[-118.700855328548,34.81800191224869],[-118.70198432850216,34.817988912515524],[-118.7019813290274,34.818060912146514],[-118.70214232868592,34.818060912146514],[-118.7036413294342,34.81806391225271],[-118.70524632958941,34.81806391225271],[-118.70640332913263,34.81806491155058],[-118.70769832966646,34.81806591158594],[-118.7087803297649,34.81806491155058],[-118.7098713291859,34.8180639115152],[-118.71012532962911,34.8180639115152],[-118.71046433046115,34.8180639115152],[-118.71075333016616,34.8180639115152],[-118.71364533045923,34.81806091140901],[-118.71450533079985,34.81806091140901],[-118.71467333102933,34.81806091140901],[-118.7195783319066,34.818055911969296],[-118.72033533141675,34.818059910636094],[-118.72084133175504,34.818053911160874],[-118.72186933142686,34.81805291112537],[-118.72336833217516,34.81805191108985],[-118.72546933262291,34.81804491084089],[-118.72653633265276,34.81804791094766],[-118.72830433301456,34.81804691091208],[-118.73103533364919,34.818042910032204],[-118.73330133395338,34.81804090996092],[-118.73829933471708,34.81803491048426],[-118.74058833458749,34.818031910377066],[-118.7432423352292,34.81802890953222],[-118.74400633531036,34.818026909460585],[-118.74647833547886,34.81802390935305],[-118.74725233650408,34.818022909317236],[-118.74774533552527,34.818022909317236],[-118.74893933667504,34.81802090924546],[-118.74915233621206,34.81802090924546],[-118.7524963373151,34.81801690983927],[-118.75736133800939,34.81801090888591],[-118.75868133775926,34.81800890881384],[-118.75894033822533,34.81800890881384],[-118.76063833826694,34.81800690874174],[-118.76238833818711,34.818004908669565],[-118.76413633935576,34.81800290859736],[-118.76587433958034,34.8179999077515],[-118.76689433885622,34.81799490830808],[-118.76760033921106,34.81799190819938],[-118.76937933944353,34.8179749083189],[-118.76962734003895,34.81797190820952],[-118.77106633961449,34.81795890847158],[-118.77287734053235,34.81794190784684],[-118.77466734063547,34.81792490795605],[-118.77637034069994,34.81790690728697],[-118.77650134111953,34.81790490721243],[-118.77807234093953,34.817892907501374],[-118.77983434145355,34.81787590760052],[-118.78147934179174,34.817860907771816],[-118.78321334271668,34.8178439071268],[-118.78406834213611,34.817835907559534],[-118.78482234217152,34.81782890729227],[-118.78554934244274,34.81782190776187],[-118.78569834240567,34.81782390783847],[-118.78620834294192,34.81781590753181],[-118.78690234270286,34.81780890726285],[-118.78690234270286,34.817719907478526],[-118.78816134325166,34.81771690735981],[-118.79069834371751,34.81770990634493],[-118.79071534343596,34.81770990634493],[-118.79268034344126,34.8177129064639],[-118.79365034338673,34.817713906503535],[-118.794662343165,34.8177149065431],[-118.79467734413193,34.81770490688391],[-118.79487234412561,34.8177149065431],[-118.79508234418788,34.8177149065431],[-118.79571534384948,34.817715906582706],[-118.79666434477686,34.81771690662231],[-118.79824534464261,34.81771790666188],[-118.79847234442335,34.81771890670146],[-118.79869934420407,34.81771890670146],[-118.79872934434131,34.81771890670146],[-118.7991653452577,34.81771890670146],[-118.799631345413,34.81771990674102],[-118.8010463446991,34.817720906780565],[-118.80246034595692,34.81772290685963],[-118.80299734535903,34.81772290685963],[-118.8030033452068,34.81764890611492],[-118.80873634663767,34.817595905431084],[-118.81149134666339,34.81757090513844],[-118.81873234816508,34.81749990512143],[-118.82082234784384,34.817483905181845],[-118.82084934850637,34.81747990501208],[-118.82532734868806,34.81750690541664],[-118.82784034886446,34.8174919047833],[-118.83293735026069,34.81750190446835],[-118.8342633507566,34.8175049045949],[-118.83465835076682,34.817529904907566],[-118.83570635053013,34.817507904721325],[-118.83660135103084,34.81750890476345],[-118.8376053504132,34.817539903850545],[-118.84358435189134,34.81770490393395],[-118.84359135156404,34.817765903384995],[-118.85401935380989,34.817775903036775],[-118.85420435375782,34.81777690307565],[-118.85423235424523,34.81777690307565],[-118.8542653538572,34.81777690307565],[-118.85419735408514,34.8176669038904],[-118.85419135423734,34.81765590271005],[-118.85404535374919,34.81738890331025],[-118.85402235418294,34.81734390281248],[-118.8540273533075,34.81682990287225],[-118.85403335315529,34.81595190265945],[-118.8541263521434,34.803283901762846],[-118.85442735244226,34.803283901762846],[-118.85458235225298,34.8032819013333],[-118.85859635282749,34.80325690112345],[-118.8590213529749,34.80325490143089],[-118.86112235432101,34.8032249008732],[-118.8627133542325,34.80320190107758],[-118.86662435397655,34.80320790089661],[-118.8671703544978,34.803204900987154],[-118.87093835502505,34.803113900485265],[-118.87595935625328,34.803194900304646],[-118.87657535619643,34.80320490024952],[-118.8767343562051,34.80320790015898],[-118.87699835579572,34.80321190028396],[-118.87713235658833,34.80321390071521],[-118.87730135664275,34.80321690062434],[-118.87773835558744,34.80357689999184],[-118.88011735766617,34.80555789994334],[-118.88024335716455,34.80566990091383],[-118.88056935667946,34.80595890025854],[-118.88094135712343,34.806292900722134],[-118.88174535738757,34.80696790025463],[-118.88254235708068,34.807666900352686],[-118.88284935722736,34.807976899699334],[-118.88312035828733,34.808284900522104],[-118.8833933580988,34.80864190016952],[-118.88366235771231,34.80901690014807],[-118.88402335738732,34.80962990056892],[-118.88413235806559,34.80984290086771],[-118.88424235767043,34.81010990038157],[-118.88433535755686,34.81037690050548],[-118.88448135804504,34.810900899885574],[-118.88457835812943,34.81133590031644],[-118.88462335743696,34.81157790099473],[-118.88465435829741,34.81179990021175],[-118.88469435848039,34.81221790072882],[-118.88470735800084,34.812417901101405],[-118.88469635902852,34.812907901142644],[-118.88468035913499,34.81314790070178],[-118.88465435829741,34.81332790064997],[-118.88459935894414,34.813599901120355],[-118.88456335895911,34.81372990085988],[-118.88453735901986,34.81381690109298],[-118.8843723582651,34.81421090121053],[-118.88421935810422,34.814590900572334],[-118.88414035846151,34.81478690078464],[-118.88403835835426,34.81501290123337],[-118.88394735811768,34.81519990128612],[-118.88385535895449,34.81537290070058],[-118.88376235906806,34.81553290110612],[-118.88346435824391,34.815971900927174],[-118.88329735783934,34.81619190146462],[-118.88303735844666,34.81650190119122],[-118.88272135807914,34.81683690101192],[-118.881993357983,34.817571900754814],[-118.88174135808794,34.81780690128591],[-118.8823013588529,34.81775890163678],[-118.8823313580918,34.81777890167834],[-118.88279935879528,34.81790290123788],[-118.8829563582558,34.81792990150381],[-118.88318135838671,34.81793290161471],[-118.88332435850182,34.81790990149885],[-118.88379835905306,34.817772901445146],[-118.88397535860507,34.81772090161814],[-118.88414735903254,34.81768690174184],[-118.88420235838578,34.81767590130166],[-118.8844003587525,34.81765590123505],[-118.88468735880768,34.817652901113995],[-118.88935335931039,34.81766790171808],[-118.8895403589081,34.81767390122147],[-118.89015436009976,34.81771290056391],[-118.89136536006967,34.81783790099838],[-118.89265336003244,34.81793490095112],[-118.89333036007497,34.817976901016884],[-118.8944863606916,34.817976901016884],[-118.89464635962688,34.817976901016884],[-118.89306835923584,34.81472190103683],[-118.88963835881741,34.8076529003023],[-118.88922535836554,34.80680290005992],[-118.88919735877643,34.8067449003868],[-118.88907835895077,34.80649989974051],[-118.88690135833502,34.80201489976862],[-118.8868363580377,34.801880899799954],[-118.88472035662302,34.797524898507156],[-118.88440135678078,34.79686889949922],[-118.88381235660182,34.79565389872602],[-118.88351135630293,34.79503389912484],[-118.8828333564355,34.793635899317145],[-118.88209835576836,34.7921228983243],[-118.88166835559807,34.791235898700364],[-118.88137635551999,34.79063389906824],[-118.88032435555878,34.78846789856321],[-118.87958735524178,34.78694789872182],[-118.87831935537048,34.78433289809663],[-118.87727635473175,34.78218189780404],[-118.87667535395889,34.78094289844384],[-118.8756403537161,34.77880889740457],[-118.87506135358286,34.77761589742564],[-118.87403635338579,34.77550289791993],[-118.87283435273842,34.77302189739021],[-118.87181635221405,34.77092289647984],[-118.87058335160454,34.768380897191626],[-118.87021735190665,34.76763489671931],[-118.86958735171979,34.76631489680463],[-118.86864035134053,34.7643318966168],[-118.8683203507751,34.76366189693011],[-118.86619235146146,34.759203895943855],[-118.86487234991499,34.756437895771484],[-118.86403634986381,34.75468689613232],[-118.86177434885927,34.74994789521948],[-118.86147734875836,34.749329895607694],[-118.85968534810709,34.745601895484405],[-118.85748034700393,34.74101389485444],[-118.85712234770196,34.74026889464275],[-118.85542734713508,34.73674289446742],[-118.85439134706736,34.734584894222714],[-118.85294034599963,34.7315638942145],[-118.8523393461251,34.73031289413358],[-118.85208834605493,34.72979189407882],[-118.85159434541221,34.728770894310145],[-118.85052434500932,34.72655889357435],[-118.84860934433439,34.72259789303153],[-118.84832534465227,34.722010893652275],[-118.84827834389829,34.72191489358363],[-118.84803334457422,34.721407893679796],[-118.84796434407892,34.72126389322322],[-118.84791034455057,34.72115189359716],[-118.84750934469257,34.720320892951065],[-118.84627734390796,34.71777489348236],[-118.84583534314376,34.71686489286499],[-118.84095834185557,34.706781891423304],[-118.84084234150461,34.70654189263015],[-118.83829134079508,34.70126089223706],[-118.83753434038661,34.699701892090594],[-118.83723433991264,34.69909389193744],[-118.83211033875224,34.68851989073156],[-118.82689833682998,34.677780890323916],[-118.82461033678447,34.67305488987114],[-118.82228733568054,34.668267888876116],[-118.82108933433283,34.6657958890309],[-118.81711433321804,34.65759188823107],[-118.81508233236725,34.6533988884922],[-118.81304733294009,34.649197887602774],[-118.81260733182569,34.64830888781611],[-118.81074433192762,34.644547887600424],[-118.80630932960702,34.63561388709675],[-118.8033803286057,34.629713885661566],[-118.8004963278102,34.6239038856908],[-118.79950532794834,34.62191288561665],[-118.79685432678137,34.61657188500199],[-118.79669632659763,34.61625588444074],[-118.7940633258723,34.610947885408955],[-118.7887013241622,34.60014388411513],[-118.78561132350242,34.59391688366847],[-118.784514322437,34.59169688317804],[-118.77988532084593,34.58237088269524],[-118.77761232086905,34.57778288234294],[-118.77603831887936,34.57461188191427],[-118.77600931946536,34.57455388204281],[-118.77596531908443,34.57446388134607],[-118.77594331934311,34.57442088249091],[-118.77589031963966,34.574313881940625],[-118.7748313191074,34.57217788216632],[-118.7748233196098,34.57216088201659],[-118.77409531861535,34.57069288160255],[-118.77407331887406,34.5706488814662],[-118.77344631816193,34.5693838816426],[-118.77340831852709,34.569306881655926],[-118.77199731854064,34.56645888170397],[-118.77196431803037,34.566393881210715],[-118.77036431699973,34.56316788144011],[-118.76481331604207,34.551939879520376],[-118.7645633157968,34.55143388008776],[-118.7635333155769,34.549349880096806],[-118.76252431437503,34.54730587970856],[-118.7604733150543,34.543154879911555],[-118.75949831418765,34.5411808792339],[-118.75852231439437,34.539203879973684],[-118.75801731388101,34.5381808793989],[-118.75783631413103,34.53781387961092],[-118.75728431286367,34.536698879377646],[-118.75672631354516,34.535574879020906],[-118.75538131278265,34.53285487864631],[-118.75463431241992,34.531334878630275],[-118.75404531224093,34.53013287858522],[-118.75010631111118,34.52209687820618],[-118.74616830980634,34.51406087747672],[-118.74569630890491,34.513144877577986],[-118.74556430955874,34.512888877590164],[-118.74543831006036,34.51264487714726],[-118.74531230966367,34.51239987743983],[-118.74264630842808,34.50722287634518],[-118.7419163077838,34.50580487656482],[-118.74198330862927,34.505776877191806],[-118.74190330826332,34.50561287676255],[-118.7415703081774,34.504937876942854],[-118.74117030724597,34.504124876068836],[-118.74080130717505,34.503376877050194],[-118.74036430823035,34.502490875987355],[-118.74018630795514,34.502128876643354],[-118.74015530709468,34.50206587655808],[-118.73987230723746,34.501491876220044],[-118.739606307997,34.5009518761631],[-118.73935230755376,34.50043787565627],[-118.73888530757354,34.499488876118384],[-118.73863030730541,34.498973876023946],[-118.73845730705307,34.49862187595185],[-118.73781830664537,34.49732387598274],[-118.7372783068702,34.496227875493496],[-118.73681130688999,34.49527987565261],[-118.73632730629299,34.494296875620996],[-118.7351183059729,34.49184387532565],[-118.73457330617487,34.49073787542301],[-118.73388430553847,34.48933787545846],[-118.73186630403308,34.48524087572434],[-118.73087930436917,34.483236874343746],[-118.73036430470837,34.482191874629756],[-118.72995630338104,34.481363873987696],[-118.72834830375109,34.47809987489163],[-118.72770030312259,34.47678387383862],[-118.72761230325906,34.47660487391155],[-118.72747530389003,34.47632787491822],[-118.72724430301301,34.47585887481747],[-118.72704230334665,34.47544787439984],[-118.72685930304853,34.47507587432511],[-118.7266173031992,34.474585874056764],[-118.72658030338927,34.47451187448856],[-118.72635030233721,34.47404287454848],[-118.72610230264009,34.473540874845256],[-118.72577130220398,34.47286787412368],[-118.72516130210862,34.471628874287696],[-118.72418430159213,34.46964587358484],[-118.72344830199839,34.46815187352821],[-118.7233233023249,34.46789887409301],[-118.72325230128148,34.46775387361725],[-118.72318630205756,34.467619873209024],[-118.72296030120343,34.46716087359582],[-118.72272830139984,34.46669087398061],[-118.72268030171925,34.46659187365493],[-118.72262830184073,34.46648787326859],[-118.72250230144402,34.46623187296195],[-118.72246030161124,34.466146873620964],[-118.72226430179265,34.46574787318769],[-118.72207930094642,34.46537187341545],[-118.7218793018282,34.46496687308782],[-118.72166730121776,34.464536873460474],[-118.72116730072725,34.46352187284103],[-118.72076530104435,34.462706872838396],[-118.72068230120367,34.46253687355706],[-118.7204453004789,34.46205587277836],[-118.72028030152076,34.4617228734645],[-118.72020430045447,34.4615668737361],[-118.71988630043715,34.460917873489095],[-118.71983830075658,34.46082187344872],[-118.71970330013903,34.46054787291164],[-118.71940830058628,34.45994587353652],[-118.71937330042617,34.45987687317833],[-118.71922230081343,34.4595738732489],[-118.71897830041596,34.45907787275613],[-118.71867630029217,34.458464873108525],[-118.71815930008324,34.45741387309011],[-118.71735429999418,34.45577787198563],[-118.71682829956441,34.45470987253404],[-118.7162432995834,34.45352087260637],[-118.71535829912843,34.45172187181688],[-118.71506229885242,34.45111887174923],[-118.71442929919084,34.44983387172776],[-118.71321129864994,34.447357871569885],[-118.71262029792281,34.446156871901124],[-118.71242129862948,34.44575187245146],[-118.71185129781878,34.44459387190037],[-118.71184529797101,34.44458087204554],[-118.70921929691838,34.43924187074877],[-118.70816029638614,34.43708887137109],[-118.70778429664249,34.43634087141897],[-118.70773029621583,34.43621587132571],[-118.70734329660154,34.43542487073314],[-118.70713229671433,34.43499987121821],[-118.70688929614178,34.434506870673445],[-118.70678929568436,34.434301871287516],[-118.70675629607238,34.434234870941886],[-118.70632229570411,34.433351870568366],[-118.70508429597002,34.43083687015622],[-118.70494529605288,34.43055387106225],[-118.70322529447331,34.42705687052625],[-118.69991829407851,34.42033486990788],[-118.69962529417558,34.419737869508985],[-118.6992422929626,34.41896086988217],[-118.69898329429313,34.41843286912578],[-118.6989542930825,34.418373869767514],[-118.69799929320564,34.416432869489036],[-118.69767129314259,34.41576586920632],[-118.69543329242748,34.41121686903332],[-118.69521729251744,34.410778869542774],[-118.69487429148744,34.41008186947393],[-118.69424629274702,34.408803869121066],[-118.69378229134323,34.407863868670496],[-118.69374329188348,34.40778186937602],[-118.69365329147179,34.407598869078996],[-118.6935902917226,34.40747086883583],[-118.69356229213349,34.40741486857521],[-118.69352229195054,34.40733386938925],[-118.69340429194975,34.40709286875791],[-118.69334829187328,34.406978868810874],[-118.69291229185517,34.40609286866048],[-118.69280629154994,34.405876868231736],[-118.69266929128261,34.40559786919958],[-118.69231529217859,34.40487986867392],[-118.6914092909089,34.403037868916975],[-118.6904252898214,34.4010378680468],[-118.68904229032238,34.39822586831559],[-118.68863928991624,34.3974048685381],[-118.68801328992735,34.39613186844694],[-118.68787829020813,34.39585586788646],[-118.6857922889307,34.39160986794212],[-118.68531328925489,34.39063486756502],[-118.68498028916895,34.38995786826227],[-118.6831482883347,34.38622886767967],[-118.68296028801375,34.38584686702084],[-118.68125928849739,34.38238586697593],[-118.68067928764093,34.381205866868754],[-118.67819028685567,34.37614086635404],[-118.67762828644089,34.374997866982895],[-118.6757932861319,34.3712598660562],[-118.67363828435917,34.36687286583133],[-118.67333028528591,34.36624486551803],[-118.67093928440993,34.36137586536311],[-118.67060528449912,34.3606968653426],[-118.67021428378854,34.35990086508901],[-118.66885728333044,34.35713886485959],[-118.66698528231325,34.35332586457836],[-118.6625142818042,34.344218863714396],[-118.65870728002061,34.33646486394461],[-118.65691927956732,34.33282086257672],[-118.65469227872288,34.32827886242582],[-118.65280527853534,34.32443186246681],[-118.65229727854725,34.32339686263921],[-118.65087127759388,34.32048886259391],[-118.65059827778242,34.319931861634664],[-118.64849627661145,34.31564686193909],[-118.64773227653026,34.31409086196368],[-118.64637027604932,34.31131386114757],[-118.64531827518977,34.30916886064264],[-118.64506327581994,34.30864886110437],[-118.64436427513783,34.30721086167977],[-118.64419027506052,34.306868860937875],[-118.64321527419388,34.30487986100284],[-118.6426752744187,34.30378086054761],[-118.64241227375466,34.303243860258625],[-118.64164327454895,34.3016758602575],[-118.64152927474612,34.301443859898974],[-118.64028627409087,34.29890986020352],[-118.63914127334489,34.296573860214274],[-118.63853327289935,34.295335860073344],[-118.6382342731486,34.29472585981298],[-118.6381492727598,34.29455186042086],[-118.6376222725051,34.293478859792806],[-118.63736927278511,34.29296285982124],[-118.6371642727457,34.292544860049375],[-118.63708327255483,34.292380859769644],[-118.63680127252255,34.291808859384126],[-118.63672127215659,34.29127285944856],[-118.63662427207221,34.291282859498054],[-118.63664827236167,34.29021785941639],[-118.63567927224109,34.28430485864207],[-118.63477127042329,34.27789385824714],[-118.63451427050532,34.276071857592655],[-118.63426427026006,34.27421985798309],[-118.63412726999272,34.2736488586127],[-118.6339132706308,34.27248585784245],[-118.63387727064577,34.27223885803772],[-118.63377627036343,34.2715678577003],[-118.63361127050699,34.27072385816333],[-118.6335982700882,34.27060885685726],[-118.63358827004247,34.27052685762449],[-118.63355627025541,34.27024685790346],[-118.63351027022468,34.269848857246814],[-118.6335062700267,34.26981685768293],[-118.63349027013317,34.26967485682679],[-118.6334852701103,34.2696308576107],[-118.63347327041474,34.26952685741489],[-118.633459270171,34.26943885732004],[-118.6334492701253,34.269369857282484],[-118.63343827025464,34.26929385740157],[-118.6332952701395,34.268339857253764],[-118.63329326959136,34.268326856758364],[-118.63327927024599,34.2682338569817],[-118.63271726983119,34.26448185719589],[-118.63256826896995,34.263487857348125],[-118.63256026947234,34.263433856730124],[-118.63255826982252,34.26335585660122],[-118.63254526940374,34.2629108568428],[-118.63254726905355,34.262247856743016],[-118.63255226907644,34.26210285704712],[-118.63255626927439,34.261593857165],[-118.63255726909931,34.26148685649456],[-118.63256626932012,34.26049585636928],[-118.63257626936588,34.259344856646436],[-118.63258526868839,34.258256856458864],[-118.63261226845258,34.255197856268204],[-118.63261426900071,34.254934856161626],[-118.63261626865055,34.25472085556425],[-118.63266126795806,34.24948585595009],[-118.63266126795806,34.24839185541929],[-118.63265226863552,34.24743185518804],[-118.63262126867339,34.24562385525464],[-118.63257326809452,34.242800854613634],[-118.63254926780508,34.241952854867804],[-118.63254726725691,34.2418688545856],[-118.6325452676071,34.241800854507936],[-118.63254326795729,34.24173285437529],[-118.63253426773646,34.24140885473631],[-118.63250726707396,34.240430854629786],[-118.63283826751007,34.240432854512505],[-118.63286726782239,34.240432854512505],[-118.63310226799904,34.240431854199834],[-118.63312326791541,34.240431854199834],[-118.63329026742169,34.240434854395176],[-118.63341526799346,34.240435854707805],[-118.63383826759278,34.240431854199834],[-118.63396026779152,34.240443854237924],[-118.63400226852261,34.240444853807865],[-118.63461726774254,34.24045485470459],[-118.63493926795783,34.240446854432896],[-118.63519526805085,34.240440854042895],[-118.63533626761786,34.2404368542778],[-118.6356052681297,34.240437854590404],[-118.63580626797113,34.24043885490301],[-118.63589026853502,34.240393854191595],[-118.63636126871324,34.240400853412666],[-118.6364092683938,34.240400853412666],[-118.63691826820684,34.240404853922115],[-118.6374592678069,34.240412854197864],[-118.63825926787307,34.24038985368157],[-118.63839426938893,34.24038685422726],[-118.63952626791948,34.24038085383305],[-118.63983326896445,34.24037885469173],[-118.64071526904638,34.24037385386768],[-118.6408032689099,34.240371853983504],[-118.64083926889494,34.24037285429689],[-118.6409552692459,34.24036285339043],[-118.64119026852423,34.24034385337288],[-118.64140326895954,34.24034385337288],[-118.64143126944695,34.240342853801785],[-118.64144626951557,34.240342853801785],[-118.64147026890673,34.24034385337288],[-118.64160426880102,34.240344853686594],[-118.641716268954,34.240344853686594],[-118.64196126917636,34.240344853686594],[-118.6420182690778,34.240344853686594],[-118.64204326919213,34.240344853686594],[-118.64206426910853,34.240344853686594],[-118.64212526920791,34.240344853686594],[-118.64216526939089,34.240344853686594],[-118.64219226915506,34.240344853686594],[-118.6422602689271,34.24034385337288],[-118.64236626923231,34.24034385337288],[-118.64247226863922,34.24034385337288],[-118.64254026930959,34.24034385337288],[-118.64255326883007,34.24034385337288],[-118.64263826921889,34.24034385337288],[-118.642998269069,34.24034385337288],[-118.64392627008,34.24034385337288],[-118.64478626952231,34.240350853340736],[-118.6449462702542,34.240354853852565],[-118.64510626918947,34.2403578540507],[-118.64550026937475,34.240366853159045],[-118.64589426956005,34.24037585375175],[-118.64729227002601,34.240416853964106],[-118.64793327008351,34.240435853965174],[-118.64802527014501,34.24043785384777],[-118.64808627024439,34.24043985298774],[-118.64812527060245,34.24043985298774],[-118.64832926991865,34.240436853535165],[-118.64869627033978,34.240432853769875],[-118.6488662711174,34.240429853574454],[-118.64905226999191,34.24042785369166],[-118.64943027118201,34.24042485349608],[-118.64983127014168,34.24041385376812],[-118.65009027060778,34.24040885368879],[-118.65015027088222,34.24040785337583],[-118.65025827083726,34.24040785337583],[-118.6503752701148,34.24040785337583],[-118.6506342705809,34.24040785337583],[-118.65232227057678,34.24040785337583],[-118.65291227058066,34.24040785337583],[-118.65318527129045,34.24040785337583],[-118.65376927144654,34.24040785337583],[-118.65931727203116,34.240407852633204],[-118.66486527261577,34.240407852633204],[-118.6677252731218,34.24040885220352],[-118.66773227369279,34.240030851880185],[-118.66772427329687,34.23798985206384],[-118.66772427329687,34.237862852389156],[-118.66772327347198,34.23775085175108],[-118.66772127382217,34.237209852253336],[-118.66772027309892,34.2366968518548],[-118.66770827250505,34.233874851522984],[-118.6677812731983,34.23187985076812],[-118.66778027337338,34.23173185171029],[-118.6677812731983,34.23147485134328],[-118.66778227302322,34.23018385073352],[-118.66778227302322,34.2292738508031],[-118.66778427177472,34.229158851511755],[-118.66778427177472,34.22885585081865],[-118.66778427177472,34.22850285158277],[-118.66778527159961,34.22760085132142],[-118.66778627232286,34.22651885062818],[-118.66778627232286,34.22535885119258],[-118.66778527159961,34.22343085106792],[-118.66778527159961,34.22274685057072],[-118.66778627142452,34.218275850214646],[-118.66778627142452,34.21804285016268],[-118.66779227127233,34.21652184992541],[-118.66779627147028,34.2164158497484],[-118.6677982720184,34.21553984952976],[-118.66780327114299,34.21390084896288],[-118.66775027054122,34.21211684956371],[-118.6677492707163,34.21089284932064],[-118.66774827089138,34.21049384882779],[-118.66774827089138,34.21009584860469],[-118.66775027054122,34.21003984878455],[-118.66779127054909,34.209547849455184],[-118.66780827026751,34.20933384937299],[-118.6678112706406,34.207695849152664],[-118.6678112706406,34.2071888493014],[-118.66781227046549,34.20696084888845],[-118.66781227046549,34.2067778494696],[-118.66781227046549,34.20663984910916],[-118.66781327029038,34.20580084909705],[-118.66781527083855,34.204530848695576],[-118.66787427038976,34.20221284878163],[-118.66795627040555,34.199182848238834],[-118.66795627040555,34.19917084826586],[-118.66797227029905,34.19860484822103],[-118.66804726974382,34.195589847342006],[-118.66804726974382,34.1955798478054],[-118.66805427031483,34.195277847569145],[-118.66805626996464,34.195189847862665],[-118.66806226981242,34.19497584773736],[-118.66808126918069,34.194212847679196],[-118.66815227022411,34.19133584691727],[-118.66815826917356,34.19108284655409],[-118.6681882693108,34.18987184626747],[-118.66818226946302,34.187527846892486],[-118.6681812687398,34.187159846859274],[-118.66817626871693,34.18515284597239],[-118.66816826921932,34.18498484648256],[-118.66816526884628,34.18493084678779],[-118.66817526889201,34.18468584615586],[-118.6681742681688,34.18414584648177],[-118.6681732692422,34.18378284628142],[-118.66817026886915,34.18254084543766],[-118.66816826921932,34.18200484646287],[-118.66816626867117,34.18125784562918],[-118.66816926904423,34.18123984593039],[-118.66816526794796,34.17675484502275],[-118.66816626777286,34.1705158448317],[-118.66816626777286,34.17030884512393],[-118.66816626777286,34.17001184488268],[-118.66816526794796,34.16953884426786],[-118.66816426722472,34.168199845104944],[-118.67216526827877,34.16824584392091],[-118.67425326920606,34.16827284428064],[-118.67439826807271,34.16827584407232],[-118.6756722686901,34.16829084377243],[-118.67719926902748,34.16831084411165],[-118.67895326914561,34.1683328438104],[-118.68120027008155,34.16837084361446],[-118.6836622702043,34.16840884340136],[-118.690903271706,34.168518843196615],[-118.69172627133837,34.16853084307102],[-118.6923272712129,34.16853984316151],[-118.69262527203706,34.16854484304618],[-118.69348427165447,34.168557842596314],[-118.6938462720527,34.168561842800585],[-118.69453927198875,34.168572843732846],[-118.6947332721575,34.16857384341209],[-118.69483327171662,34.16857384341209],[-118.69533227238223,34.16857484309138],[-118.69688527176055,34.16857884255152],[-118.70263127361021,34.16859284326198],[-118.70326627292162,34.16859484336331],[-118.70337927289953,34.16859484336331],[-118.70340427301387,34.16859584229908],[-118.70507827366437,34.168601842602605],[-118.70881027420658,34.16861684224477],[-118.70976427425855,34.16861884160227],[-118.71006027453454,34.168619842024235],[-118.7103652741331,34.168619842024235],[-118.7108242746157,34.16862184212493],[-118.71092827437276,34.16862184212493],[-118.7120062751716,34.168623842225564],[-118.71442827511142,34.1684598412499],[-118.7154602758795,34.16838984202351],[-118.71578227519643,34.16836884202134],[-118.71650727581783,34.16831984199585],[-118.71690327565297,34.1682928416511],[-118.71712727506063,34.16827784195141],[-118.71847927549587,34.168185841356205],[-118.7186442753523,34.16817484186006],[-118.72029627626148,34.16806284150262],[-118.72243727689218,34.16794584181995],[-118.72338627602296,34.167865841575164],[-118.7240352764764,34.16786884138132],[-118.72632927636965,34.167879840917394],[-118.726394276667,34.167879840917394],[-118.72685427697454,34.167881841035566],[-118.72870127787738,34.16789684080569],[-118.72915327778901,34.16790084104123],[-118.72944027784419,34.167902841158956],[-118.73033627816982,34.1679098411989],[-118.73077427783774,34.1679138406906],[-118.73150427758368,34.167920840729636],[-118.73532027868981,34.16795684060272],[-118.73567027849417,34.1679468407634],[-118.74008227945197,34.16797984008007],[-118.7401692794906,34.16797984008007],[-118.74032227965148,34.16798084050962],[-118.74089627886353,34.167983840311685],[-118.74136327974206,34.16798584042744],[-118.74151528007805,34.1679878405431],[-118.74494628032137,34.16800984032604],[-118.74577628052475,34.168015839927996],[-118.74750728017835,34.16802484007341],[-118.74786428055371,34.16802684018819],[-118.74800228064599,34.16802684018819],[-118.74837228054183,34.16802884030288],[-118.74931028070027,34.168033839474596],[-118.75046328094386,34.168039839818114],[-118.75148628059277,34.168044839732445],[-118.75211128075676,34.168047840275506],[-118.7527132813545,34.16805083933192],[-118.75273628092073,34.16805083933192],[-118.7531132813876,34.168052839446034],[-118.75350228155003,34.16805383913149],[-118.75370928123925,34.168054839560156],[-118.75411328236859,34.168056839674236],[-118.75451028113034,34.16805883978821],[-118.75470428129908,34.1680598394736],[-118.75490428131563,34.16806083990219],[-118.75510328240557,34.1680618395875],[-118.75530528207194,34.16806284001607],[-118.75551628195912,34.16806383970142],[-118.75559328195202,34.16806383970142],[-118.75571428232584,34.16806484012996],[-118.75592728276118,34.16806583981522],[-118.75612428240468,34.168066839500526],[-118.75651828169167,34.16806883887105],[-118.75671428151024,34.168069839299534],[-118.75691128205204,34.16807083898474],[-118.75730828261038,34.1680718394132],[-118.7576962820496,34.168073839526876],[-118.7579062821119,34.1680758396405],[-118.7581732829739,34.168076839325636],[-118.75836828296757,34.168077839010806],[-118.75840628260238,34.168077839010806],[-118.75848028312055,34.168077839010806],[-118.7586112826418,34.168077839010806],[-118.75873728303851,34.16807883943919],[-118.75935528263147,34.168081839237765],[-118.75973928277104,34.168083839351155],[-118.76017528278912,34.16808583946454],[-118.7605952829137,34.16808783957788],[-118.76085828267941,34.16808983894785],[-118.76103528312973,34.16808983894785],[-118.76125028321488,34.16809083863287],[-118.76167928356031,34.16809283874605],[-118.76177528292148,34.16809283874605],[-118.76197128363836,34.1680938391743],[-118.76255928309408,34.16809683897235],[-118.76282428340797,34.1680978394005],[-118.76336728355619,34.16810083919841],[-118.7637702839623,34.16810283931134],[-118.76413428311207,34.16810483942428],[-118.76440528327372,34.16810583910907],[-118.76464428364831,34.168106839537174],[-118.76511628365142,34.16810983859149],[-118.76533228356149,34.168110839019484],[-118.76553328340296,34.168110839019484],[-118.765785283298,34.16811283838897],[-118.7660512843351,34.16811383881693],[-118.76653628385868,34.168115838929616],[-118.76706228428846,34.16811783904219],[-118.76751528312668,34.168120838839386],[-118.77202128469412,34.16814183890331],[-118.7732932847634,34.168147838495884],[-118.77401628483665,34.168150838292014],[-118.77493528562682,34.168155838199766],[-118.77507028534605,34.168155838199766],[-118.77527328573561,34.168157838311394],[-118.77558928520482,34.16816283896201],[-118.77605228588541,34.16816083885044],[-118.77622428541453,34.16816183853463],[-118.77728028557374,34.16816583875761],[-118.78069728647166,34.16818183816114],[-118.78153628689591,34.16818483869933],[-118.78178228604487,34.168185837639896],[-118.78271728672858,34.16819083754559],[-118.78590928659732,34.168204838320406],[-118.78720728750417,34.168210837908504],[-118.78789128811769,34.168214837385946],[-118.78876128760572,34.16821783792297],[-118.78890128734781,34.16821883760642],[-118.78928328693924,34.16798483776814],[-118.78938828741954,34.167915837091655],[-118.78944628804418,34.167878837513555],[-118.78949928774763,34.16784583741417],[-118.78959828748184,34.1677848378496],[-118.78973828812222,34.16769983751776],[-118.7904262880354,34.16727783737479],[-118.79351528797197,34.16538483679946],[-118.79356928750035,34.165351837211624],[-118.79374328847591,34.16524583662382],[-118.7937842875855,34.16522083770697],[-118.79520428869107,34.16434983642129],[-118.79802728848888,34.162620836344054],[-118.80086028923071,34.160883836144556],[-118.80208528944434,34.16013283580922],[-118.8026252892195,34.15980183539142],[-118.80508728934227,34.15829283620356],[-118.806188288809,34.15761683495654],[-118.80633328947225,34.15752783555373],[-118.80641629021126,34.15747683556129],[-118.80644128942731,34.15746283523737],[-118.8064832892601,34.15743683569147],[-118.80683228923955,34.157223835508],[-118.80695328961338,34.15714883532596],[-118.80712228966777,34.15704483522097],[-118.80727729037679,34.15694883575381],[-118.80738528943351,34.15688383499177],[-118.8074912897387,34.15681783510456],[-118.80764128952656,34.156726835220546],[-118.8106072903378,34.15490883447052],[-118.81146829050331,34.15438083421762],[-118.81152529040473,34.15434583435029],[-118.8116072904205,34.15429583525801],[-118.81420829046043,34.152699834764405],[-118.81431629041549,34.15263183410139],[-118.81448129027191,34.15252983411939],[-118.81459129077508,34.15245983432285],[-118.81489229017566,34.15227083487966],[-118.8151352907482,34.15211883408059],[-118.81561729079705,34.151836834172215],[-118.81580129002175,34.15172383456425],[-118.81854629090006,34.15004083372594],[-118.81868529171557,34.149954833472485],[-118.8188942910546,34.1498268343162],[-118.82075229182811,34.148687833560636],[-118.82083329112065,34.1486378340926],[-118.82096329171532,34.14855883405502],[-118.82109029103859,34.14848183377791],[-118.82155229189428,34.14819783303722],[-118.82247029196121,34.147634833531576],[-118.82300529171351,34.14730483312553],[-118.82342429201317,34.14704883327884],[-118.82372629123864,34.14686683392077],[-118.82387129190192,34.14678383322149],[-118.82474229121487,34.14624583329463],[-118.82576229228741,34.145615833004896],[-118.82602129095685,34.14545783315119],[-118.82609429165011,34.14541283302587],[-118.82627129210042,34.145296833137536],[-118.82637029183464,34.1452328322849],[-118.82701129189212,34.14484383229783],[-118.82781029213336,34.14435983232078],[-118.82805829183049,34.14421083280193],[-118.82835629265465,34.14403083247384],[-118.82845329273901,34.14396383298069],[-118.82854829227524,34.14390283326281],[-118.82885829189665,34.14371483249022],[-118.82893129169157,34.143671832871625],[-118.82895129178308,34.143658832463935],[-118.8289752920725,34.143644832823306],[-118.82931429290456,34.14343583270806],[-118.82960929155902,34.14325483298022],[-118.82986929185002,34.14309583244752],[-118.83035929229479,34.14279383321168],[-118.83059329264651,34.1426518323214],[-118.83075129283027,34.14255483286411],[-118.8309032922679,34.14246183250572],[-118.83103529161407,34.14238083266181],[-118.83116829258176,34.142298832749866],[-118.83130129265115,34.14221783200613],[-118.83143129234753,34.142137831920536],[-118.83150529196735,34.14209283225735],[-118.83156629206673,34.14205483177956],[-118.8316982923112,34.14197383303242],[-118.8318312932789,34.14189183272548],[-118.83196429244995,34.14181083233512],[-118.83209629269447,34.14172983186705],[-118.83213829252726,34.141703831939054],[-118.83223129241367,34.141646832068794],[-118.83236329265817,34.14156583293051],[-118.83249529200431,34.141484832227576],[-118.832628292972,34.14140283218957],[-118.8327622928663,34.14132083207198],[-118.83292329342311,34.14122283182705],[-118.8330982933253,34.14111383216465],[-118.833275291979,34.141004831618126],[-118.83332129290805,34.140976832198525],[-118.83338729303033,34.14093683269293],[-118.83346829322115,34.14088683161141],[-118.83357929265092,34.1408188325913],[-118.8336962928268,34.14074783200335],[-118.83376329187561,34.14070683238019],[-118.83403429293558,34.1405398321681],[-118.83437229214609,34.14033283257795],[-118.83439429278569,34.14031883164268],[-118.83465329325179,34.14016083229211],[-118.8347252923235,34.140115832319474],[-118.835041292691,34.13992283195022],[-118.83551529324222,34.13963083200214],[-118.83553529333372,34.13961983176033],[-118.83590429340467,34.1393928316545],[-118.8359232927729,34.13938183212524],[-118.83665029304414,34.13893483172356],[-118.83694129239898,34.13875683211625],[-118.83788029328063,34.13817983160524],[-118.83793629245882,34.138144831716815],[-118.83804129293911,34.138081831435],[-118.8382242932372,34.13796883127217],[-118.83840129368754,34.13786083117266],[-118.83845429339098,34.13782783123867],[-118.83893829308965,34.137530831252754],[-118.83935029371663,34.13727883098683],[-118.83938429315347,34.13725783068291],[-118.83960029306354,34.1371248313632],[-118.8398132934989,34.13699483125002],[-118.84001729371339,34.13686883115533],[-118.84006929359192,34.136835831577514],[-118.84019329344048,34.136760831137096],[-118.84044429351066,34.13660683131305],[-118.84068029351221,34.13646183100008],[-118.84094429310285,34.13630083094566],[-118.84116229356103,34.13616683080043],[-118.84143029334965,34.136001831411676],[-118.84171529375502,34.13582783109903],[-118.84204229399317,34.13562683079182],[-118.84214629375023,34.13556283079342],[-118.84240329366817,34.135404830729286],[-118.84245129334874,34.13537383072436],[-118.84267129435511,34.13523983133993],[-118.84272529388346,34.13520583105176],[-118.84277529321385,34.13517583104847],[-118.84279829367838,34.1351618307459],[-118.84301429358845,34.13502883110174],[-118.84326029363575,34.134878830664874],[-118.84360129411762,34.13466983043021],[-118.84368129358523,34.134619830845345],[-118.84371229354737,34.13459983144924],[-118.8438132938297,34.13453883091971],[-118.84430029390144,34.13423983035682],[-118.84457929445898,34.13406883114105],[-118.84504229424125,34.13378583037436],[-118.84579329480194,34.13332383015538],[-118.84609829440046,34.133136830481796],[-118.84625929405895,34.13303783105575],[-118.84631529413542,34.133003830625256],[-118.84655629415987,34.13285583051649],[-118.8467772940928,34.13271983065026],[-118.84707529401864,34.13253783016977],[-118.84728529408095,34.132407830436456],[-118.8473522949264,34.13236683048483],[-118.84763729443341,34.13219183001417],[-118.84789629489951,34.132033830340276],[-118.84811029426145,34.131901830348646],[-118.84834529443808,34.13175783025783],[-118.84864429418883,34.13157383044575],[-118.84885829444909,34.13144283059808],[-118.84906129483868,34.13131882990249],[-118.84928129494669,34.13118383065944],[-118.84950329380621,34.13104683021019],[-118.84951429457519,34.131039830089],[-118.84972029443952,34.13091383003928],[-118.8500422946548,34.13071683045264],[-118.85037429491582,34.13051282949844],[-118.850625294986,34.130358830187085],[-118.85072229507038,34.13029882970345],[-118.85092429383842,34.1301798294857],[-118.85122829451034,34.12998882974835],[-118.85133729429029,34.12992183027547],[-118.85236629558364,34.129289829937896],[-118.85252329414583,34.12919383016038],[-118.8526482947176,34.129115829935515],[-118.8527312945583,34.12906582929592],[-118.85278629480987,34.129031829498516],[-118.85409929488702,34.128225830339495],[-118.85505929478676,34.127636829583466],[-118.8555402950107,34.12734182981372],[-118.8556522951637,34.1272738288184],[-118.85605029554695,34.12702882965596],[-118.85631329531269,34.12686882890912],[-118.85638929548067,34.12682082951835],[-118.85642229599092,34.126799829590475],[-118.8564852948418,34.12676982883452],[-118.85715029518877,34.12636782927828],[-118.85724829509806,34.126308829115935],[-118.85737029529679,34.12623582936223],[-118.85776629603023,34.12598282944291],[-118.85917829494326,34.12511582883512],[-118.86032829571214,34.1244088287598],[-118.86062829618608,34.12422382910735],[-118.8607062960039,34.12416082885998],[-118.86090629602045,34.1240308288858],[-118.86095929572389,34.124004828718256],[-118.86104029591473,34.123972828787046],[-118.86140229541466,34.12374782871983],[-118.86159129556057,34.123631828837986],[-118.86165429530976,34.12359682887442],[-118.86190629520483,34.123438828752356],[-118.86270529544608,34.12294782809356],[-118.86374429588686,34.12230782809192],[-118.86395929597201,34.12217582853012],[-118.86407929652091,34.12210282892625],[-118.86609429675495,34.12086482823663],[-118.8680772963036,34.11964482820457],[-118.87024729724662,34.11831182800765],[-118.870709297204,34.118026828225645],[-118.87346529795293,34.1163358269182],[-118.87368529716267,34.11619982724973],[-118.87384029697336,34.116104827039884],[-118.87394329690552,34.11604182669311],[-118.8745532978992,34.11566582721285],[-118.87487129791651,34.11547182723078],[-118.8769182979376,34.114214826715916],[-118.87905029744918,34.112904826060344],[-118.8803602980516,34.112099825985645],[-118.8810592978354,34.11167082600497],[-118.88313229869408,34.11039682597208],[-118.88526829840362,34.10908482566588],[-118.8874002988135,34.10777582554656],[-118.88912729826913,34.1067138253109],[-118.88944929938273,34.10651682512646],[-118.89150129942665,34.105255824453046],[-118.8922072997815,34.10482182553131],[-118.892913299238,34.10438782512718],[-118.89337530009368,34.104104824686125],[-118.89389529977737,34.10378482465825],[-118.895636300375,34.102713824499446],[-118.89628230045538,34.10231782420205],[-118.89937130039198,34.10041882388723],[-118.90032130024598,34.09983582358577],[-118.90449630047895,34.09726982381793],[-118.90842130136504,34.094856823328726],[-118.90892230078212,34.09454782270556],[-118.91176830194279,34.092797822496166],[-118.91244330143715,34.092383821886],[-118.91640630195806,34.0899478213426],[-118.91669030164019,34.089772821623306],[-118.9187453029555,34.088508821768],[-118.92041330196159,34.087483821356614],[-118.9207603022912,34.08726982130601],[-118.9208583022005,34.08720882160277],[-118.92113430238501,34.08703982082937],[-118.92141930279038,34.08686482105084],[-118.92266830329342,34.086096821419204],[-118.92383930308037,34.085375821470144],[-118.9242723027254,34.08511082079305],[-118.9259043035431,34.08410782095938],[-118.9264813031282,34.08375282038724],[-118.92791230410441,34.08287282062042],[-118.92913930396786,34.08211682073473],[-118.92981730383528,34.08170082004863],[-118.93134030397471,34.08076481977539],[-118.9313963040512,34.08080982008246],[-118.93330230360698,34.07962782010285],[-118.93520930478428,34.078445819251165],[-118.93683330430774,34.077438819291466],[-118.93845730472951,34.07643181852003],[-118.93913730424676,34.07601081877673],[-118.93980830533982,34.075592818534396],[-118.93981930431217,34.075585819032604],[-118.93987130419067,34.0755558187162],[-118.94081330454708,34.07497181902237],[-118.9409773054769,34.07483481830858],[-118.94099230464722,34.07475081903222],[-118.94108630435855,34.07400381856144],[-118.9411813047931,34.0731998183292],[-118.94172530386791,34.06884081850267],[-118.94188130440185,34.06769681785903],[-118.94204130423543,34.066337817889575],[-118.94215030491368,34.065541818318266],[-118.9425113036904,34.06242581777477],[-118.94255930426927,34.06213681729277],[-118.9427583035626,34.0605388167989],[-118.94282330385991,34.060022817061],[-118.94300130413517,34.05861781716033],[-118.943035303572,34.0583088175188],[-118.94309830421952,34.05786681636236],[-118.94312230450896,34.05763781666519],[-118.94357830372023,34.05400481632165],[-118.94417230302375,34.04926181656143],[-118.94440730320042,34.04738881572775],[-118.9445053031097,34.046640815575486],[-118.9445143024322,34.04656781557941],[-118.94464430302689,34.04550681541398],[-118.94465630272244,34.04540481500657],[-118.94489030307417,34.045423814996916],[-118.94491630301343,34.04520281535559],[-118.94492930343222,34.04510681546333],[-118.94509630383679,34.04382581503712],[-118.94519230319796,34.043090814951846],[-118.94620530280113,34.035372814458626],[-118.95038630018699,34.00155181069519],[-118.95057630105609,34.00001181052898],[-118.9511543004661,33.99643680919441],[-118.951733299701,33.99286280962016],[-118.94565629921188,33.991996809476014],[-118.94045029803571,33.991456809819],[-118.93525129653226,33.99179081042826],[-118.93255629678097,33.9920338100041],[-118.9316652964782,33.99211481070136],[-118.92621329615304,33.99100381096449],[-118.91927329495024,33.990507810483294],[-118.91544229377553,33.99042881107789],[-118.91047529297394,33.9894158112035],[-118.90224129106227,33.988487812130266],[-118.89727729063377,33.98780981240766],[-118.89227428984718,33.987434812429534],[-118.88772428879713,33.98724481285185],[-118.88731328889341,33.987227813162924],[-118.88484528802452,33.98606481200073],[-118.8814092877583,33.98497381259761],[-118.87593728644337,33.98382781299351],[-118.87401028697121,33.983318812639574],[-118.87371128632216,33.98305281289268],[-118.87100528580191,33.980646812274735],[-118.87047328552434,33.98006781290413],[-118.8640092836243,33.973024812622825],[-118.85929428271783,33.968246812193705],[-118.85685828163598,33.96597481119606],[-118.85279928085563,33.96256981176375],[-118.84777328050285,33.9593388119915],[-118.8411282788528,33.955375811409894],[-118.83477327763103,33.95238681153426],[-118.82939327637759,33.950399812024585],[-118.82490527615013,33.94904681163393],[-118.82094427527905,33.948193812141575],[-118.81476427395947,33.947218812039246],[-118.80983927299069,33.94690981224642],[-118.8053842723752,33.947149813239115],[-118.8036252722342,33.94724481279304],[-118.7977402713657,33.948216813204496],[-118.79213827035441,33.949523813466506],[-118.78654026954109,33.95143481420609],[-118.77905126834229,33.95453181474636],[-118.77394226814883,33.95751481565502],[-118.76814926734183,33.960804816870365],[-118.764290266578,33.96361381668989],[-118.7625992671074,33.96436181682487],[-118.76058326615015,33.96497681788907],[-118.75687826537208,33.9664068173285],[-118.75442326582034,33.96779681797707],[-118.75093126547763,33.97107581881913],[-118.74961826450216,33.971808818631686],[-118.74640326506719,33.975505819171545],[-118.74597126434877,33.97556081969031],[-118.74345526379932,33.9758818193537],[-118.73994226354021,33.97652681939922],[-118.73776826329754,33.976779819495746],[-118.73554026262816,33.97703981977042],[-118.73073826168304,33.978861821149],[-118.72747126236955,33.980311820342344],[-118.72261726154588,33.97941682078988],[-118.71675425952037,33.978691820748885],[-118.7102722589753,33.97812782135974],[-118.70959825840751,33.978068821486154],[-118.7045862574001,33.97784482168159],[-118.6985262566294,33.97819182189599],[-118.69670825603889,33.97857282205432],[-118.69400325624187,33.97913982200856],[-118.68915625598923,33.979954823112884],[-118.68402025513325,33.97922582297462],[-118.6808272545413,33.979164823008645],[-118.67702925297853,33.979272823639064],[-118.67242425347351,33.97991882370342],[-118.6665262521862,33.98056682414966],[-118.66139925155107,33.982151824949355],[-118.65647525040721,33.98380282528296],[-118.65287925030745,33.98441282544474],[-118.6501732497872,33.985120825743],[-118.64836024921951,33.98673382632633],[-118.64395224935801,33.98580182636419],[-118.63974824791438,33.98574082664806],[-118.63307924687324,33.98564982679481],[-118.62887424650299,33.98615782625176],[-118.62633224601427,33.98646482730495],[-118.62592824578324,33.98723782691342],[-118.62084924482869,33.98680382687621],[-118.62008424402433,33.986974827775065],[-118.61597024389066,33.98641782763776],[-118.61133324280198,33.98619782737624],[-118.60440124199512,33.98628782853391],[-118.59972724109649,33.9866728287688],[-118.59409124064834,33.98806982885045],[-118.59098324044517,33.987239829067484],[-118.58658923903077,33.98701782877452],[-118.5809882378444,33.98730482977829],[-118.57603023726364,33.98752183065675],[-118.57011123695825,33.988731830404305],[-118.5696992363313,33.98881583072107],[-118.5692502358944,33.98871683015281],[-118.56639923560923,33.98808883050499],[-118.56273023481619,33.98779683052094],[-118.5626452353257,33.98779483135937],[-118.55916523467856,33.987717830829794],[-118.55736823400443,33.98767783191047],[-118.55687623480816,33.98725383073739],[-118.55135223271634,33.982493830969354],[-118.54842923246112,33.979974831468894],[-118.54789323198561,33.979322830768055],[-118.54545023123109,33.976351830652064],[-118.54157723022357,33.971640830489896],[-118.53749822935171,33.966678829390574],[-118.53348622842701,33.961798829778026],[-118.52642822632512,33.955948830151854],[-118.5257652265263,33.95539982986674],[-118.52358322588768,33.953179829367784],[-118.52345922603914,33.953053829326436],[-118.52086622459848,33.949161829147066],[-118.52057522524366,33.94874482918972],[-118.5181522236823,33.94526982833793],[-118.51368422264804,33.9390558288621],[-118.51361722359921,33.938962828676644],[-118.50863922202866,33.932521828128124],[-118.50648822045387,33.928056827661706],[-118.50092421997576,33.91862582629769],[-118.49900121890494,33.91630382660352],[-118.48488121450318,33.89924382550362],[-118.47683221253942,33.88951782463],[-118.47581421291338,33.88819182518041],[-118.45964520794243,33.867123823005315],[-118.45821620841265,33.865260823222],[-118.45564520671327,33.86138782273644],[-118.44837020577472,33.85042782201905],[-118.44726620503664,33.84876482244581],[-118.4453432039658,33.84308782177506],[-118.44398020365992,33.83906182092226],[-118.44691620343563,33.836025820888466],[-118.45055020406856,33.83226982049564],[-118.45707420444643,33.82750781981819],[-118.4691652056755,33.818683817743924],[-118.47181920631722,33.81599481680724],[-118.48321920726008,33.804449814881906],[-118.48449520752727,33.80315881494447],[-118.48528820702244,33.797534814826506],[-118.48778020638412,33.77986981168849],[-118.48558920372805,33.753668809725966],[-118.48229620267864,33.74869080908853],[-118.47371420061243,33.73571880766842],[-118.46697419852786,33.72552880724457],[-118.42864919030515,33.70127080693892],[-118.38594318198511,33.68671680747363],[-118.37718317964365,33.678957807216285],[-118.35202017467445,33.66665380735819],[-118.34542717290297,33.663431806868786],[-118.33513217072648,33.66191180742],[-118.3191471685735,33.65955180842255],[-118.29341116421718,33.66177680995322],[-118.27430616126715,33.66342881093473],[-118.27425116101557,33.66343381138562],[-118.25454015906647,33.67507481310027],[-118.25128815802498,33.67795681379544],[-118.25110415880025,33.678120813886196],[-118.25091915795403,33.678283814195204],[-118.24723815836373,33.68154481396745],[-118.24355815770006,33.68480681502204],[-118.23702015707849,33.69059981618593],[-118.22676715563313,33.690599816933386],[-118.22528815497628,33.690599816933386],[-118.19212314879731,33.6905978182818],[-118.17598714703159,33.691193820244585],[-118.17232614573616,33.691328820118805],[-118.16866614516397,33.69146382052835],[-118.16584214554126,33.691567819558735],[-118.15580514400598,33.69296882166835],[-118.12591213806166,33.697155823290394],[-118.12591213806166,33.69714382257928],[-118.12473313877713,33.695327822950055],[-118.12119613733027,33.68988282274502],[-118.12001713714743,33.688067822251874],[-118.11203413440758,33.675777821209806],[-118.10749013320533,33.668782821154025],[-118.09648513047607,33.65365581949911],[-118.08234312812965,33.6443738188893],[-118.07508612583612,33.639610819405924],[-118.07035212466309,33.63596681952044],[-118.06851412487937,33.63455281952673],[-118.06300212248313,33.630310819375005],[-118.06116512342265,33.628896819272974],[-118.06030912238167,33.62823781930422],[-118.05774212177859,33.6262628184686],[-118.05688712146087,33.625604818627295],[-118.05673612184812,33.62548881889131],[-118.05628312121327,33.625140819494256],[-118.05613312232379,33.62502481913353],[-118.04986012021944,33.6200198187198],[-118.04202011849303,33.61490881787901],[-118.03362311637473,33.60935881872884],[-118.02498011420913,33.604680818506395],[-118.01533511320932,33.59949181799387],[-118.00500811034748,33.594633818462555],[-118.00090311043468,33.593133818493364],[-118.000914109407,33.593174818539936],[-118.0008911098408,33.593169818498794],[-118.0002371093645,33.59275281763946],[-117.9998361095065,33.59250181802913],[-117.9986331090342,33.591749818282956],[-117.99823310989943,33.59149981847563],[-117.99797710890807,33.591339818398374],[-117.99721210900202,33.59086181810222],[-117.9969571087339,33.5907028188241],[-117.9953881076654,33.58972181854672],[-117.99068210787807,33.58677881813434]]]}}]}